{
"type": "FeatureCollection",
"name": "Zonal Statistics",
"crs": { "type": "name", "properties": { "name": "urn:ogc:def:crs:OGC:1.3:CRS84" } },
"features": [
{ "type": "Feature", "properties": { "id": 13.0, "left": 534200.1067, "top": 729876.2846, "right": 534700.1067, "bottom": 729376.2846, "row_index": 12.0, "col_index": 0.0, "facility_count": 0.0, "pop_sum": 293.90667343139648, "people_per_phc": 99999.0, "equity_class": "Underserve" }, "geometry": { "type": "MultiPolygon", "coordinates": [ [ [ [ 3.308672864540635, 6.604039985926334 ], [ 3.313195968596035, 6.604037163173599 ], [ 3.313193126225172, 6.599514191459799 ], [ 3.308670063217038, 6.599517012262459 ], [ 3.308672864540635, 6.604039985926334 ] ] ] ] } },
{ "type": "Feature", "properties": { "id": 14.0, "left": 534200.1067, "top": 729376.2846, "right": 534700.1067, "bottom": 728876.2846, "row_index": 13.0, "col_index": 0.0, "facility_count": 0.0, "pop_sum": 1188.7522217035294, "people_per_phc": 99999.0, "equity_class": "Underserve" }, "geometry": { "type": "MultiPolygon", "coordinates": [ [ [ [ 3.308670063217038, 6.599517012262459 ], [ 3.313193126225172, 6.599514191459799 ], [ 3.313190285844883, 6.594991218923541 ], [ 3.308667263855267, 6.594994037776163 ], [ 3.308670063217038, 6.599517012262459 ] ] ] ] } },
{ "type": "Feature", "properties": { "id": 15.0, "left": 534200.1067, "top": 728876.2846, "right": 534700.1067, "bottom": 728376.2846, "row_index": 14.0, "col_index": 0.0, "facility_count": 0.0, "pop_sum": 556.4573221206665, "people_per_phc": 99999.0, "equity_class": "Underserve" }, "geometry": { "type": "MultiPolygon", "coordinates": [ [ [ [ 3.308667263855267, 6.594994037776163 ], [ 3.313190285844883, 6.594991218923541 ], [ 3.313187447455075, 6.590468245565379 ], [ 3.308664466455234, 6.590471062467992 ], [ 3.308667263855267, 6.594994037776163 ] ] ] ] } },
{ "type": "Feature", "properties": { "id": 16.0, "left": 534200.1067, "top": 728376.2846, "right": 534700.1067, "bottom": 727876.2846, "row_index": 15.0, "col_index": 0.0, "facility_count": 0.0, "pop_sum": 572.05409006029367, "people_per_phc": 99999.0, "equity_class": "Underserve" }, "geometry": { "type": "MultiPolygon", "coordinates": [ [ [ [ 3.308664466455234, 6.590471062467992 ], [ 3.313187447455075, 6.590468245565379 ], [ 3.313184611055662, 6.585945271385856 ], [ 3.308661671016853, 6.585948086338497 ], [ 3.308664466455234, 6.590471062467992 ] ] ] ] } },
{ "type": "Feature", "properties": { "id": 35.0, "left": 534700.1067, "top": 730376.2846, "right": 535200.1067, "bottom": 729876.2846, "row_index": 11.0, "col_index": 1.0, "facility_count": 0.0, "pop_sum": 521.83657836914062, "people_per_phc": 99999.0, "equity_class": "Underserve" }, "geometry": { "type": "MultiPolygon", "coordinates": [ [ [ [ 3.313198812957558, 6.608560134064392 ], [ 3.317721956098191, 6.608557268272767 ], [ 3.317719070660745, 6.604034299360449 ], [ 3.313195968596035, 6.604037163173599 ], [ 3.313198812957558, 6.608560134064392 ] ] ] ] } },
{ "type": "Feature", "properties": { "id": 36.0, "left": 534700.1067, "top": 729876.2846, "right": 535200.1067, "bottom": 729376.2846, "row_index": 12.0, "col_index": 1.0, "facility_count": 0.0, "pop_sum": 1556.4765424728394, "people_per_phc": 99999.0, "equity_class": "Underserve" }, "geometry": { "type": "MultiPolygon", "coordinates": [ [ [ [ 3.313195968596035, 6.604037163173599 ], [ 3.317719070660745, 6.604034299360449 ], [ 3.317716187242706, 6.59951132962509 ], [ 3.313193126225172, 6.599514191459799 ], [ 3.313195968596035, 6.604037163173599 ] ] ] ] } },
{ "type": "Feature", "properties": { "id": 37.0, "left": 534700.1067, "top": 729376.2846, "right": 535200.1067, "bottom": 728876.2846, "row_index": 13.0, "col_index": 1.0, "facility_count": 0.0, "pop_sum": 13.595621809363365, "people_per_phc": 99999.0, "equity_class": "Underserve" }, "geometry": { "type": "MultiPolygon", "coordinates": [ [ [ [ 3.313193126225172, 6.599514191459799 ], [ 3.317716187242706, 6.59951132962509 ], [ 3.317713305843986, 6.594988359067241 ], [ 3.313190285844883, 6.594991218923541 ], [ 3.313193126225172, 6.599514191459799 ] ] ] ] } },
{ "type": "Feature", "properties": { "id": 38.0, "left": 534700.1067, "top": 728876.2846, "right": 535200.1067, "bottom": 728376.2846, "row_index": 14.0, "col_index": 1.0, "facility_count": 0.0, "pop_sum": 4.5985130667686462, "people_per_phc": 99999.0, "equity_class": "Underserve" }, "geometry": { "type": "MultiPolygon", "coordinates": [ [ [ [ 3.313190285844883, 6.594991218923541 ], [ 3.317713305843986, 6.594988359067241 ], [ 3.317710426464493, 6.590465387687446 ], [ 3.313187447455075, 6.590468245565379 ], [ 3.313190285844883, 6.594991218923541 ] ] ] ] } },
{ "type": "Feature", "properties": { "id": 39.0, "left": 534700.1067, "top": 728376.2846, "right": 535200.1067, "bottom": 727876.2846, "row_index": 15.0, "col_index": 1.0, "facility_count": 0.0, "pop_sum": 13.314532041549683, "people_per_phc": 99999.0, "equity_class": "Underserve" }, "geometry": { "type": "MultiPolygon", "coordinates": [ [ [ [ 3.313187447455075, 6.590468245565379 ], [ 3.317710426464493, 6.590465387687446 ], [ 3.317707549104138, 6.585942415486261 ], [ 3.313184611055662, 6.585945271385856 ], [ 3.313187447455075, 6.590468245565379 ] ] ] ] } },
{ "type": "Feature", "properties": { "id": 40.0, "left": 534700.1067, "top": 727876.2846, "right": 535200.1067, "bottom": 727376.2846, "row_index": 16.0, "col_index": 1.0, "facility_count": 0.0, "pop_sum": 36.631791710853577, "people_per_phc": 99999.0, "equity_class": "Underserve" }, "geometry": { "type": "MultiPolygon", "coordinates": [ [ [ [ 3.313184611055662, 6.585945271385856 ], [ 3.317707549104138, 6.585942415486261 ], [ 3.317704673762831, 6.581419442464229 ], [ 3.313181776646555, 6.581422296385521 ], [ 3.313184611055662, 6.585945271385856 ] ] ] ] } },
{ "type": "Feature", "properties": { "id": 41.0, "left": 534700.1067, "top": 727376.2846, "right": 535200.1067, "bottom": 726876.2846, "row_index": 17.0, "col_index": 1.0, "facility_count": 0.0, "pop_sum": 5.9539853317522624, "people_per_phc": 99999.0, "equity_class": "Underserve" }, "geometry": { "type": "MultiPolygon", "coordinates": [ [ [ [ 3.313181776646555, 6.581422296385521 ], [ 3.317704673762831, 6.581419442464229 ], [ 3.317701800440482, 6.576896468621907 ], [ 3.313178944227665, 6.576899320564928 ], [ 3.313181776646555, 6.581422296385521 ] ] ] ] } },
{ "type": "Feature", "properties": { "id": 58.0, "left": 535200.1067, "top": 730376.2846, "right": 535700.1067, "bottom": 729876.2846, "row_index": 11.0, "col_index": 2.0, "facility_count": 1.0, "pop_sum": 3748.1715850830078, "people_per_phc": 3748.172, "equity_class": "Adequate" }, "geometry": { "type": "MultiPolygon", "coordinates": [ [ [ [ 3.317721956098191, 6.608557268272767 ], [ 3.322245097219297, 6.60855436139245 ], [ 3.322242170706017, 6.604031394486975 ], [ 3.317719070660745, 6.604034299360449 ], [ 3.317721956098191, 6.608557268272767 ] ] ] ] } },
{ "type": "Feature", "properties": { "id": 59.0, "left": 535200.1067, "top": 729876.2846, "right": 535700.1067, "bottom": 729376.2846, "row_index": 12.0, "col_index": 2.0, "facility_count": 0.0, "pop_sum": 2620.5119781494141, "people_per_phc": 99999.0, "equity_class": "Critical G" }, "geometry": { "type": "MultiPolygon", "coordinates": [ [ [ [ 3.317719070660745, 6.604034299360449 ], [ 3.322242170706017, 6.604031394486975 ], [ 3.322239246240891, 6.599508426758421 ], [ 3.317716187242706, 6.59951132962509 ], [ 3.317719070660745, 6.604034299360449 ] ] ] ] } },
{ "type": "Feature", "properties": { "id": 60.0, "left": 535200.1067, "top": 729376.2846, "right": 535700.1067, "bottom": 728876.2846, "row_index": 13.0, "col_index": 2.0, "facility_count": 0.0, "pop_sum": 13.716595143079758, "people_per_phc": 99999.0, "equity_class": "Underserve" }, "geometry": { "type": "MultiPolygon", "coordinates": [ [ [ [ 3.317716187242706, 6.59951132962509 ], [ 3.322239246240891, 6.599508426758421 ], [ 3.322236323823831, 6.594985458207343 ], [ 3.317713305843986, 6.594988359067241 ], [ 3.317716187242706, 6.59951132962509 ] ] ] ] } },
{ "type": "Feature", "properties": { "id": 61.0, "left": 535200.1067, "top": 728876.2846, "right": 535700.1067, "bottom": 728376.2846, "row_index": 14.0, "col_index": 2.0, "facility_count": 0.0, "pop_sum": 23.194546282291412, "people_per_phc": 99999.0, "equity_class": "Underserve" }, "geometry": { "type": "MultiPolygon", "coordinates": [ [ [ [ 3.317713305843986, 6.594988359067241 ], [ 3.322236323823831, 6.594985458207343 ], [ 3.322233403454743, 6.590462488834286 ], [ 3.317710426464493, 6.590465387687446 ], [ 3.317713305843986, 6.594988359067241 ] ] ] ] } },
{ "type": "Feature", "properties": { "id": 62.0, "left": 535200.1067, "top": 728376.2846, "right": 535700.1067, "bottom": 727876.2846, "row_index": 15.0, "col_index": 2.0, "facility_count": 0.0, "pop_sum": 5.551229864358902, "people_per_phc": 99999.0, "equity_class": "Underserve" }, "geometry": { "type": "MultiPolygon", "coordinates": [ [ [ [ 3.317710426464493, 6.590465387687446 ], [ 3.322233403454743, 6.590462488834286 ], [ 3.322230485133536, 6.585939518639801 ], [ 3.317707549104138, 6.585942415486261 ], [ 3.317710426464493, 6.590465387687446 ] ] ] ] } },
{ "type": "Feature", "properties": { "id": 63.0, "left": 535200.1067, "top": 727876.2846, "right": 535700.1067, "bottom": 727376.2846, "row_index": 16.0, "col_index": 2.0, "facility_count": 0.0, "pop_sum": 109.5604602098465, "people_per_phc": 99999.0, "equity_class": "Underserve" }, "geometry": { "type": "MultiPolygon", "coordinates": [ [ [ [ 3.317707549104138, 6.585942415486261 ], [ 3.322230485133536, 6.585939518639801 ], [ 3.32222756886012, 6.581416547624438 ], [ 3.317704673762831, 6.581419442464229 ], [ 3.317707549104138, 6.585942415486261 ] ] ] ] } },
{ "type": "Feature", "properties": { "id": 81.0, "left": 535700.1067, "top": 730376.2846, "right": 536200.1067, "bottom": 729876.2846, "row_index": 11.0, "col_index": 3.0, "facility_count": 0.0, "pop_sum": 5438.1201705932617, "people_per_phc": 99999.0, "equity_class": "Critical G" }, "geometry": { "type": "MultiPolygon", "coordinates": [ [ [ [ 3.322245097219297, 6.60855436139245 ], [ 3.326768236292126, 6.608551413423532 ], [ 3.326765268703104, 6.604028448553261 ], [ 3.322242170706017, 6.604031394486975 ], [ 3.322245097219297, 6.60855436139245 ] ] ] ] } },
{ "type": "Feature", "properties": { "id": 82.0, "left": 535700.1067, "top": 729876.2846, "right": 536200.1067, "bottom": 729376.2846, "row_index": 12.0, "col_index": 3.0, "facility_count": 0.0, "pop_sum": 2709.137535572052, "people_per_phc": 99999.0, "equity_class": "Critical G" }, "geometry": { "type": "MultiPolygon", "coordinates": [ [ [ [ 3.322242170706017, 6.604031394486975 ], [ 3.326765268703104, 6.604028448553261 ], [ 3.326762303190984, 6.599505482859882 ], [ 3.322239246240891, 6.599508426758421 ], [ 3.322242170706017, 6.604031394486975 ] ] ] ] } },
{ "type": "Feature", "properties": { "id": 83.0, "left": 535700.1067, "top": 729376.2846, "right": 536200.1067, "bottom": 728876.2846, "row_index": 13.0, "col_index": 3.0, "facility_count": 0.0, "pop_sum": 397.11258718371391, "people_per_phc": 99999.0, "equity_class": "Underserve" }, "geometry": { "type": "MultiPolygon", "coordinates": [ [ [ [ 3.322239246240891, 6.599508426758421 ], [ 3.326762303190984, 6.599505482859882 ], [ 3.326759339755674, 6.594982516343939 ], [ 3.322236323823831, 6.594985458207343 ], [ 3.322239246240891, 6.599508426758421 ] ] ] ] } },
{ "type": "Feature", "properties": { "id": 84.0, "left": 535700.1067, "top": 728876.2846, "right": 536200.1067, "bottom": 728376.2846, "row_index": 14.0, "col_index": 3.0, "facility_count": 0.0, "pop_sum": 180.18404877185822, "people_per_phc": 99999.0, "equity_class": "Underserve" }, "geometry": { "type": "MultiPolygon", "coordinates": [ [ [ [ 3.322236323823831, 6.594985458207343 ], [ 3.326759339755674, 6.594982516343939 ], [ 3.326756378397082, 6.590459549005985 ], [ 3.322233403454743, 6.590462488834286 ], [ 3.322236323823831, 6.594985458207343 ] ] ] ] } },
{ "type": "Feature", "properties": { "id": 85.0, "left": 535700.1067, "top": 728376.2846, "right": 536200.1067, "bottom": 727876.2846, "row_index": 15.0, "col_index": 3.0, "facility_count": 0.0, "pop_sum": 317.43728864192963, "people_per_phc": 99999.0, "equity_class": "Underserve" }, "geometry": { "type": "MultiPolygon", "coordinates": [ [ [ [ 3.322233403454743, 6.590462488834286 ], [ 3.326756378397082, 6.590459549005985 ], [ 3.326753419115116, 6.585936580846568 ], [ 3.322230485133536, 6.585939518639801 ], [ 3.322233403454743, 6.590462488834286 ] ] ] ] } },
{ "type": "Feature", "properties": { "id": 86.0, "left": 535700.1067, "top": 727876.2846, "right": 536200.1067, "bottom": 727376.2846, "row_index": 16.0, "col_index": 3.0, "facility_count": 0.0, "pop_sum": 165.90526703000069, "people_per_phc": 99999.0, "equity_class": "Underserve" }, "geometry": { "type": "MultiPolygon", "coordinates": [ [ [ [ 3.322230485133536, 6.585939518639801 ], [ 3.326753419115116, 6.585936580846568 ], [ 3.32675046190968, 6.581413611866234 ], [ 3.32222756886012, 6.581416547624438 ], [ 3.322230485133536, 6.585939518639801 ] ] ] ] } },
{ "type": "Feature", "properties": { "id": 104.0, "left": 536200.1067, "top": 730376.2846, "right": 536700.1067, "bottom": 729876.2846, "row_index": 11.0, "col_index": 4.0, "facility_count": 1.0, "pop_sum": 1515.610408782959, "people_per_phc": 1515.61, "equity_class": "Adequate" }, "geometry": { "type": "MultiPolygon", "coordinates": [ [ [ [ 3.326768236292126, 6.608551413423532 ], [ 3.33129137328793, 6.608548424366101 ], [ 3.331288364623258, 6.604025461559408 ], [ 3.326765268703104, 6.604028448553261 ], [ 3.326768236292126, 6.608551413423532 ] ] ] ] } },
{ "type": "Feature", "properties": { "id": 105.0, "left": 536200.1067, "top": 729876.2846, "right": 536700.1067, "bottom": 729376.2846, "row_index": 12.0, "col_index": 4.0, "facility_count": 0.0, "pop_sum": 440.12152397632599, "people_per_phc": 99999.0, "equity_class": "Underserve" }, "geometry": { "type": "MultiPolygon", "coordinates": [ [ [ [ 3.326765268703104, 6.604028448553261 ], [ 3.331288364623258, 6.604025461559408 ], [ 3.331285358064237, 6.599502497929567 ], [ 3.326762303190984, 6.599505482859882 ], [ 3.326765268703104, 6.604028448553261 ] ] ] ] } },
{ "type": "Feature", "properties": { "id": 106.0, "left": 536200.1067, "top": 729376.2846, "right": 536700.1067, "bottom": 728876.2846, "row_index": 13.0, "col_index": 4.0, "facility_count": 0.0, "pop_sum": 203.18929748237133, "people_per_phc": 99999.0, "equity_class": "Underserve" }, "geometry": { "type": "MultiPolygon", "coordinates": [ [ [ [ 3.326762303190984, 6.599505482859882 ], [ 3.331285358064237, 6.599502497929567 ], [ 3.331282353610771, 6.594979533477125 ], [ 3.326759339755674, 6.594982516343939 ], [ 3.326762303190984, 6.599505482859882 ] ] ] ] } },
{ "type": "Feature", "properties": { "id": 107.0, "left": 536200.1067, "top": 728876.2846, "right": 536700.1067, "bottom": 728376.2846, "row_index": 14.0, "col_index": 4.0, "facility_count": 0.0, "pop_sum": 554.79724016785622, "people_per_phc": 99999.0, "equity_class": "Underserve" }, "geometry": { "type": "MultiPolygon", "coordinates": [ [ [ [ 3.326759339755674, 6.594982516343939 ], [ 3.331282353610771, 6.594979533477125 ], [ 3.331279351262768, 6.590456568202638 ], [ 3.326756378397082, 6.590459549005985 ], [ 3.326759339755674, 6.594982516343939 ] ] ] ] } },
{ "type": "Feature", "properties": { "id": 108.0, "left": 536200.1067, "top": 728376.2846, "right": 536700.1067, "bottom": 727876.2846, "row_index": 15.0, "col_index": 4.0, "facility_count": 0.0, "pop_sum": 463.14195969700813, "people_per_phc": 99999.0, "equity_class": "Underserve" }, "geometry": { "type": "MultiPolygon", "coordinates": [ [ [ [ 3.326756378397082, 6.590459549005985 ], [ 3.331279351262768, 6.590456568202638 ], [ 3.331276351020132, 6.585933602106649 ], [ 3.326753419115116, 6.585936580846568 ], [ 3.326756378397082, 6.590459549005985 ] ] ] ] } },
{ "type": "Feature", "properties": { "id": 109.0, "left": 536200.1067, "top": 727876.2846, "right": 536700.1067, "bottom": 727376.2846, "row_index": 16.0, "col_index": 4.0, "facility_count": 0.0, "pop_sum": 263.09883937239647, "people_per_phc": 99999.0, "equity_class": "Underserve" }, "geometry": { "type": "MultiPolygon", "coordinates": [ [ [ [ 3.326753419115116, 6.585936580846568 ], [ 3.331276351020132, 6.585933602106649 ], [ 3.331273352882772, 6.58141063518971 ], [ 3.32675046190968, 6.581413611866234 ], [ 3.326753419115116, 6.585936580846568 ] ] ] ] } },
{ "type": "Feature", "properties": { "id": 110.0, "left": 536200.1067, "top": 727376.2846, "right": 536700.1067, "bottom": 726876.2846, "row_index": 17.0, "col_index": 4.0, "facility_count": 0.0, "pop_sum": 58.022688865661621, "people_per_phc": 99999.0, "equity_class": "Underserve" }, "geometry": { "type": "MultiPolygon", "coordinates": [ [ [ [ 3.32675046190968, 6.581413611866234 ], [ 3.331273352882772, 6.58141063518971 ], [ 3.331270356850591, 6.576887667452374 ], [ 3.326747506780685, 6.576890642065536 ], [ 3.32675046190968, 6.581413611866234 ] ] ] ] } },
{ "type": "Feature", "properties": { "id": 123.0, "left": 536700.1067, "top": 732376.2846, "right": 537200.1067, "bottom": 731876.2846, "row_index": 7.0, "col_index": 5.0, "facility_count": 0.0, "pop_sum": 741.1068115234375, "people_per_phc": 99999.0, "equity_class": "Underserve" }, "geometry": { "type": "MultiPolygon", "coordinates": [ [ [ [ 3.331303429005004, 6.626640267350426 ], [ 3.335826728484753, 6.626637228836453 ], [ 3.335823670205982, 6.622114271419924 ], [ 3.331300411916789, 6.622117307841811 ], [ 3.331303429005004, 6.626640267350426 ] ] ] ] } },
{ "type": "Feature", "properties": { "id": 124.0, "left": 536700.1067, "top": 731876.2846, "right": 537200.1067, "bottom": 731376.2846, "row_index": 8.0, "col_index": 5.0, "facility_count": 0.0, "pop_sum": 0.0, "people_per_phc": 99999.0, "equity_class": "Underserve" }, "geometry": { "type": "MultiPolygon", "coordinates": [ [ [ [ 3.331300411916789, 6.622117307841811 ], [ 3.335823670205982, 6.622114271419924 ], [ 3.33582061406199, 6.617591313178014 ], [ 3.331297396934602, 6.617594347507853 ], [ 3.331300411916789, 6.622117307841811 ] ] ] ] } },
{ "type": "Feature", "properties": { "id": 125.0, "left": 536700.1067, "top": 731376.2846, "right": 537200.1067, "bottom": 730876.2846, "row_index": 9.0, "col_index": 5.0, "facility_count": 0.0, "pop_sum": 253.37306976318359, "people_per_phc": 99999.0, "equity_class": "Underserve" }, "geometry": { "type": "MultiPolygon", "coordinates": [ [ [ [ 3.331297396934602, 6.617594347507853 ], [ 3.33582061406199, 6.617591313178014 ], [ 3.335817560052682, 6.613068354111274 ], [ 3.331294384058347, 6.613071386349101 ], [ 3.331297396934602, 6.617594347507853 ] ] ] ] } },
{ "type": "Feature", "properties": { "id": 126.0, "left": 536700.1067, "top": 730876.2846, "right": 537200.1067, "bottom": 730376.2846, "row_index": 10.0, "col_index": 5.0, "facility_count": 0.0, "pop_sum": 1505.5027198791504, "people_per_phc": 99999.0, "equity_class": "Underserve" }, "geometry": { "type": "MultiPolygon", "coordinates": [ [ [ [ 3.331294384058347, 6.613071386349101 ], [ 3.335817560052682, 6.613068354111274 ], [ 3.335814508177961, 6.608545394220252 ], [ 3.33129137328793, 6.608548424366101 ], [ 3.331294384058347, 6.613071386349101 ] ] ] ] } },
{ "type": "Feature", "properties": { "id": 127.0, "left": 536700.1067, "top": 730376.2846, "right": 537200.1067, "bottom": 729876.2846, "row_index": 11.0, "col_index": 5.0, "facility_count": 0.0, "pop_sum": 881.2639045715332, "people_per_phc": 99999.0, "equity_class": "Underserve" }, "geometry": { "type": "MultiPolygon", "coordinates": [ [ [ [ 3.33129137328793, 6.608548424366101 ], [ 3.335814508177961, 6.608545394220252 ], [ 3.335811458437734, 6.604022433505497 ], [ 3.331288364623258, 6.604025461559408 ], [ 3.33129137328793, 6.608548424366101 ] ] ] ] } },
{ "type": "Feature", "properties": { "id": 128.0, "left": 536700.1067, "top": 729876.2846, "right": 537200.1067, "bottom": 729376.2846, "row_index": 12.0, "col_index": 5.0, "facility_count": 0.0, "pop_sum": 2127.5121593475342, "people_per_phc": 99999.0, "equity_class": "Critical G" }, "geometry": { "type": "MultiPolygon", "coordinates": [ [ [ [ 3.331288364623258, 6.604025461559408 ], [ 3.335811458437734, 6.604022433505497 ], [ 3.335808410831904, 6.59949947196756 ], [ 3.331285358064237, 6.599502497929567 ], [ 3.331288364623258, 6.604025461559408 ] ] ] ] } },
{ "type": "Feature", "properties": { "id": 129.0, "left": 536700.1067, "top": 729376.2846, "right": 537200.1067, "bottom": 728876.2846, "row_index": 13.0, "col_index": 5.0, "facility_count": 0.0, "pop_sum": 2839.1663432717323, "people_per_phc": 99999.0, "equity_class": "Critical G" }, "geometry": { "type": "MultiPolygon", "coordinates": [ [ [ [ 3.331285358064237, 6.599502497929567 ], [ 3.335808410831904, 6.59949947196756 ], [ 3.335805365360376, 6.594976509606988 ], [ 3.331282353610771, 6.594979533477125 ], [ 3.331285358064237, 6.599502497929567 ] ] ] ] } },
{ "type": "Feature", "properties": { "id": 130.0, "left": 536700.1067, "top": 728876.2846, "right": 537200.1067, "bottom": 728376.2846, "row_index": 14.0, "col_index": 5.0, "facility_count": 0.0, "pop_sum": 2795.9818916320801, "people_per_phc": 99999.0, "equity_class": "Critical G" }, "geometry": { "type": "MultiPolygon", "coordinates": [ [ [ [ 3.331282353610771, 6.594979533477125 ], [ 3.335805365360376, 6.594976509606988 ], [ 3.335802322023055, 6.590453546424331 ], [ 3.331279351262768, 6.590456568202638 ], [ 3.331282353610771, 6.594979533477125 ] ] ] ] } },
{ "type": "Feature", "properties": { "id": 131.0, "left": 536700.1067, "top": 728376.2846, "right": 537200.1067, "bottom": 727876.2846, "row_index": 15.0, "col_index": 5.0, "facility_count": 0.0, "pop_sum": 1845.1634063720703, "people_per_phc": 99999.0, "equity_class": "Underserve" }, "geometry": { "type": "MultiPolygon", "coordinates": [ [ [ [ 3.331279351262768, 6.590456568202638 ], [ 3.335802322023055, 6.590453546424331 ], [ 3.335799280819846, 6.585930582420138 ], [ 3.331276351020132, 6.585933602106649 ], [ 3.331279351262768, 6.590456568202638 ] ] ] ] } },
{ "type": "Feature", "properties": { "id": 132.0, "left": 536700.1067, "top": 727876.2846, "right": 537200.1067, "bottom": 727376.2846, "row_index": 16.0, "col_index": 5.0, "facility_count": 0.0, "pop_sum": 910.27445220947266, "people_per_phc": 99999.0, "equity_class": "Underserve" }, "geometry": { "type": "MultiPolygon", "coordinates": [ [ [ [ 3.331276351020132, 6.585933602106649 ], [ 3.335799280819846, 6.585930582420138 ], [ 3.335796241750653, 6.581407617594961 ], [ 3.331273352882772, 6.58141063518971 ], [ 3.331276351020132, 6.585933602106649 ] ] ] ] } },
{ "type": "Feature", "properties": { "id": 144.0, "left": 537200.1067, "top": 733376.2846, "right": 537700.1067, "bottom": 732876.2846, "row_index": 5.0, "col_index": 6.0, "facility_count": 0.0, "pop_sum": 69.58731766930299, "people_per_phc": 99999.0, "equity_class": "Underserve" }, "geometry": { "type": "MultiPolygon", "coordinates": [ [ [ [ 3.335832851447016, 6.63568314119117 ], [ 3.340356231259046, 6.635680057234382 ], [ 3.340353127462459, 6.631157103590789 ], [ 3.3358297888984, 6.631160185427049 ], [ 3.335832851447016, 6.63568314119117 ] ] ] ] } },
{ "type": "Feature", "properties": { "id": 145.0, "left": 537200.1067, "top": 732876.2846, "right": 537700.1067, "bottom": 732376.2846, "row_index": 6.0, "col_index": 6.0, "facility_count": 0.0, "pop_sum": 1558.4307098388672, "people_per_phc": 99999.0, "equity_class": "Underserve" }, "geometry": { "type": "MultiPolygon", "coordinates": [ [ [ [ 3.3358297888984, 6.631160185427049 ], [ 3.340353127462459, 6.631157103590789 ], [ 3.340350025829598, 6.626634149120681 ], [ 3.335826728484753, 6.626637228836453 ], [ 3.3358297888984, 6.631160185427049 ] ] ] ] } },
{ "type": "Feature", "properties": { "id": 146.0, "left": 537200.1067, "top": 732376.2846, "right": 537700.1067, "bottom": 731876.2846, "row_index": 7.0, "col_index": 6.0, "facility_count": 0.0, "pop_sum": 2169.3165283203125, "people_per_phc": 99999.0, "equity_class": "Critical G" }, "geometry": { "type": "MultiPolygon", "coordinates": [ [ [ [ 3.335826728484753, 6.626637228836453 ], [ 3.340350025829598, 6.626634149120681 ], [ 3.340346926360366, 6.62211119382461 ], [ 3.335823670205982, 6.622114271419924 ], [ 3.335826728484753, 6.626637228836453 ] ] ] ] } },
{ "type": "Feature", "properties": { "id": 147.0, "left": 537200.1067, "top": 731876.2846, "right": 537700.1067, "bottom": 731376.2846, "row_index": 8.0, "col_index": 6.0, "facility_count": 0.0, "pop_sum": 2218.297550201416, "people_per_phc": 99999.0, "equity_class": "Critical G" }, "geometry": { "type": "MultiPolygon", "coordinates": [ [ [ [ 3.335823670205982, 6.622114271419924 ], [ 3.340346926360366, 6.62211119382461 ], [ 3.340343829054664, 6.617588237703115 ], [ 3.33582061406199, 6.617591313178014 ], [ 3.335823670205982, 6.622114271419924 ] ] ] ] } },
{ "type": "Feature", "properties": { "id": 148.0, "left": 537200.1067, "top": 731376.2846, "right": 537700.1067, "bottom": 730876.2846, "row_index": 9.0, "col_index": 6.0, "facility_count": 0.0, "pop_sum": 1873.7275085449219, "people_per_phc": 99999.0, "equity_class": "Underserve" }, "geometry": { "type": "MultiPolygon", "coordinates": [ [ [ [ 3.33582061406199, 6.617591313178014 ], [ 3.340343829054664, 6.617588237703115 ], [ 3.340340733912398, 6.613065280756757 ], [ 3.335817560052682, 6.613068354111274 ], [ 3.33582061406199, 6.617591313178014 ] ] ] ] } },
{ "type": "Feature", "properties": { "id": 149.0, "left": 537200.1067, "top": 730876.2846, "right": 537700.1067, "bottom": 730376.2846, "row_index": 10.0, "col_index": 6.0, "facility_count": 1.0, "pop_sum": 1976.9145431518555, "people_per_phc": 1976.915, "equity_class": "Adequate" }, "geometry": { "type": "MultiPolygon", "coordinates": [ [ [ [ 3.335817560052682, 6.613068354111274 ], [ 3.340340733912398, 6.613065280756757 ], [ 3.34033764093347, 6.608542322986079 ], [ 3.335814508177961, 6.608545394220252 ], [ 3.335817560052682, 6.613068354111274 ] ] ] ] } },
{ "type": "Feature", "properties": { "id": 150.0, "left": 537200.1067, "top": 730376.2846, "right": 537700.1067, "bottom": 729876.2846, "row_index": 11.0, "col_index": 6.0, "facility_count": 1.0, "pop_sum": 2261.5831565856934, "people_per_phc": 2261.583, "equity_class": "Adequate" }, "geometry": { "type": "MultiPolygon", "coordinates": [ [ [ [ 3.335814508177961, 6.608545394220252 ], [ 3.34033764093347, 6.608542322986079 ], [ 3.340334550117783, 6.604019364391634 ], [ 3.335811458437734, 6.604022433505497 ], [ 3.335814508177961, 6.608545394220252 ] ] ] ] } },
{ "type": "Feature", "properties": { "id": 151.0, "left": 537200.1067, "top": 729876.2846, "right": 537700.1067, "bottom": 729376.2846, "row_index": 12.0, "col_index": 6.0, "facility_count": 2.0, "pop_sum": 3573.7116546630859, "people_per_phc": 1786.856, "equity_class": "Adequate" }, "geometry": { "type": "MultiPolygon", "coordinates": [ [ [ [ 3.335811458437734, 6.604022433505497 ], [ 3.340334550117783, 6.604019364391634 ], [ 3.340331461465241, 6.599496404973963 ], [ 3.335808410831904, 6.59949947196756 ], [ 3.335811458437734, 6.604022433505497 ] ] ] ] } },
{ "type": "Feature", "properties": { "id": 152.0, "left": 537200.1067, "top": 729376.2846, "right": 537700.1067, "bottom": 728876.2846, "row_index": 13.0, "col_index": 6.0, "facility_count": 1.0, "pop_sum": 4727.786994934082, "people_per_phc": 4727.787, "equity_class": "Adequate" }, "geometry": { "type": "MultiPolygon", "coordinates": [ [ [ [ 3.335808410831904, 6.59949947196756 ], [ 3.340331461465241, 6.599496404973963 ], [ 3.340328374975746, 6.594973444733627 ], [ 3.335805365360376, 6.594976509606988 ], [ 3.335808410831904, 6.59949947196756 ] ] ] ] } },
{ "type": "Feature", "properties": { "id": 153.0, "left": 537200.1067, "top": 728876.2846, "right": 537700.1067, "bottom": 728376.2846, "row_index": 14.0, "col_index": 6.0, "facility_count": 1.0, "pop_sum": 2779.5135726928711, "people_per_phc": 2779.514, "equity_class": "Adequate" }, "geometry": { "type": "MultiPolygon", "coordinates": [ [ [ [ 3.335805365360376, 6.594976509606988 ], [ 3.340328374975746, 6.594973444733627 ], [ 3.340325290649202, 6.590450483671166 ], [ 3.335802322023055, 6.590453546424331 ], [ 3.335805365360376, 6.594976509606988 ] ] ] ] } },
{ "type": "Feature", "properties": { "id": 154.0, "left": 537200.1067, "top": 728376.2846, "right": 537700.1067, "bottom": 727876.2846, "row_index": 15.0, "col_index": 6.0, "facility_count": 0.0, "pop_sum": 869.15578079223633, "people_per_phc": 99999.0, "equity_class": "Underserve" }, "geometry": { "type": "MultiPolygon", "coordinates": [ [ [ [ 3.335802322023055, 6.590453546424331 ], [ 3.340325290649202, 6.590450483671166 ], [ 3.340322208485513, 6.585927521787132 ], [ 3.335799280819846, 6.585930582420138 ], [ 3.335802322023055, 6.590453546424331 ] ] ] ] } },
{ "type": "Feature", "properties": { "id": 155.0, "left": 537200.1067, "top": 727876.2846, "right": 537700.1067, "bottom": 727376.2846, "row_index": 16.0, "col_index": 6.0, "facility_count": 0.0, "pop_sum": 136.96163759462198, "people_per_phc": 99999.0, "equity_class": "Underserve" }, "geometry": { "type": "MultiPolygon", "coordinates": [ [ [ [ 3.335799280819846, 6.585930582420138 ], [ 3.340322208485513, 6.585927521787132 ], [ 3.340319128484584, 6.581404559082077 ], [ 3.335796241750653, 6.581407617594961 ], [ 3.335799280819846, 6.585930582420138 ] ] ] ] } },
{ "type": "Feature", "properties": { "id": 163.0, "left": 537700.1067, "top": 735376.2846, "right": 538200.1067, "bottom": 734876.2846, "row_index": 1.0, "col_index": 7.0, "facility_count": 0.0, "pop_sum": 2227.3735046386719, "people_per_phc": 99999.0, "equity_class": "Critical G" }, "geometry": { "type": "MultiPolygon", "coordinates": [ [ [ [ 3.340368668084593, 6.653771863532608 ], [ 3.344892211011832, 6.653768729721413 ], [ 3.344889057196467, 6.649245781538426 ], [ 3.340365555632132, 6.649248913200571 ], [ 3.340368668084593, 6.653771863532608 ] ] ] ] } },
{ "type": "Feature", "properties": { "id": 164.0, "left": 537700.1067, "top": 734876.2846, "right": 538200.1067, "bottom": 734376.2846, "row_index": 2.0, "col_index": 7.0, "facility_count": 0.0, "pop_sum": 2366.2613830566406, "people_per_phc": 99999.0, "equity_class": "Critical G" }, "geometry": { "type": "MultiPolygon", "coordinates": [ [ [ [ 3.340365555632132, 6.649248913200571 ], [ 3.344889057196467, 6.649245781538426 ], [ 3.344885905573975, 6.644722832526686 ], [ 3.340362445343785, 6.644725962039821 ], [ 3.340365555632132, 6.649248913200571 ] ] ] ] } },
{ "type": "Feature", "properties": { "id": 165.0, "left": 537700.1067, "top": 734376.2846, "right": 538200.1067, "bottom": 733876.2846, "row_index": 3.0, "col_index": 7.0, "facility_count": 1.0, "pop_sum": 1916.1086730957031, "people_per_phc": 1916.109, "equity_class": "Adequate" }, "geometry": { "type": "MultiPolygon", "coordinates": [ [ [ [ 3.340362445343785, 6.644725962039821 ], [ 3.344885905573975, 6.644722832526686 ], [ 3.34488275614426, 6.640199882686746 ], [ 3.340359337219455, 6.640203010050907 ], [ 3.340362445343785, 6.644725962039821 ] ] ] ] } },
{ "type": "Feature", "properties": { "id": 166.0, "left": 537700.1067, "top": 733876.2846, "right": 538200.1067, "bottom": 733376.2846, "row_index": 4.0, "col_index": 7.0, "facility_count": 0.0, "pop_sum": 2248.7095489501953, "people_per_phc": 99999.0, "equity_class": "Critical G" }, "geometry": { "type": "MultiPolygon", "coordinates": [ [ [ [ 3.340359337219455, 6.640203010050907 ], [ 3.34488275614426, 6.640199882686746 ], [ 3.344879608907223, 6.635676932019155 ], [ 3.340356231259046, 6.635680057234382 ], [ 3.340359337219455, 6.640203010050907 ] ] ] ] } },
{ "type": "Feature", "properties": { "id": 167.0, "left": 537700.1067, "top": 733376.2846, "right": 538200.1067, "bottom": 732876.2846, "row_index": 5.0, "col_index": 7.0, "facility_count": 1.0, "pop_sum": 2858.9913635253906, "people_per_phc": 2858.991, "equity_class": "Adequate" }, "geometry": { "type": "MultiPolygon", "coordinates": [ [ [ [ 3.340356231259046, 6.635680057234382 ], [ 3.344879608907223, 6.635676932019155 ], [ 3.344876463862763, 6.631153980524462 ], [ 3.340353127462459, 6.631157103590789 ], [ 3.340356231259046, 6.635680057234382 ] ] ] ] } },
{ "type": "Feature", "properties": { "id": 168.0, "left": 537700.1067, "top": 732876.2846, "right": 538200.1067, "bottom": 732376.2846, "row_index": 6.0, "col_index": 7.0, "facility_count": 1.0, "pop_sum": 2912.5377349853516, "people_per_phc": 2912.538, "equity_class": "Adequate" }, "geometry": { "type": "MultiPolygon", "coordinates": [ [ [ [ 3.340353127462459, 6.631157103590789 ], [ 3.344876463862763, 6.631153980524462 ], [ 3.344873321010784, 6.626631028203214 ], [ 3.340350025829598, 6.626634149120681 ], [ 3.340353127462459, 6.631157103590789 ] ] ] ] } },
{ "type": "Feature", "properties": { "id": 169.0, "left": 537700.1067, "top": 732376.2846, "right": 538200.1067, "bottom": 731876.2846, "row_index": 7.0, "col_index": 7.0, "facility_count": 0.0, "pop_sum": 3066.2663688659668, "people_per_phc": 99999.0, "equity_class": "Critical G" }, "geometry": { "type": "MultiPolygon", "coordinates": [ [ [ [ 3.340350025829598, 6.626634149120681 ], [ 3.344873321010784, 6.626631028203214 ], [ 3.344870180351188, 6.622108075055961 ], [ 3.340346926360366, 6.62211119382461 ], [ 3.340350025829598, 6.626634149120681 ] ] ] ] } },
{ "type": "Feature", "properties": { "id": 170.0, "left": 537700.1067, "top": 731876.2846, "right": 538200.1067, "bottom": 731376.2846, "row_index": 8.0, "col_index": 7.0, "facility_count": 0.0, "pop_sum": 2554.7932815551758, "people_per_phc": 99999.0, "equity_class": "Critical G" }, "geometry": { "type": "MultiPolygon", "coordinates": [ [ [ [ 3.340346926360366, 6.62211119382461 ], [ 3.344870180351188, 6.622108075055961 ], [ 3.344867041883874, 6.617585121083256 ], [ 3.340343829054664, 6.617588237703115 ], [ 3.340346926360366, 6.62211119382461 ] ] ] ] } },
{ "type": "Feature", "properties": { "id": 171.0, "left": 537700.1067, "top": 731376.2846, "right": 538200.1067, "bottom": 730876.2846, "row_index": 9.0, "col_index": 7.0, "facility_count": 0.0, "pop_sum": 2798.5079517364502, "people_per_phc": 99999.0, "equity_class": "Critical G" }, "geometry": { "type": "MultiPolygon", "coordinates": [ [ [ [ 3.340343829054664, 6.617588237703115 ], [ 3.344867041883874, 6.617585121083256 ], [ 3.344863905608747, 6.613062166285645 ], [ 3.340340733912398, 6.613065280756757 ], [ 3.340343829054664, 6.617588237703115 ] ] ] ] } },
{ "type": "Feature", "properties": { "id": 172.0, "left": 537700.1067, "top": 730876.2846, "right": 538200.1067, "bottom": 730376.2846, "row_index": 10.0, "col_index": 7.0, "facility_count": 2.0, "pop_sum": 3612.3807945251465, "people_per_phc": 1806.19, "equity_class": "Adequate" }, "geometry": { "type": "MultiPolygon", "coordinates": [ [ [ [ 3.340340733912398, 6.613065280756757 ], [ 3.344863905608747, 6.613062166285645 ], [ 3.344860771525708, 6.608539210663677 ], [ 3.34033764093347, 6.608542322986079 ], [ 3.340340733912398, 6.613065280756757 ] ] ] ] } },
{ "type": "Feature", "properties": { "id": 173.0, "left": 537700.1067, "top": 730376.2846, "right": 538200.1067, "bottom": 729876.2846, "row_index": 11.0, "col_index": 7.0, "facility_count": 4.0, "pop_sum": 5356.9070510864258, "people_per_phc": 1339.227, "equity_class": "Adequate" }, "geometry": { "type": "MultiPolygon", "coordinates": [ [ [ [ 3.34033764093347, 6.608542322986079 ], [ 3.344860771525708, 6.608539210663677 ], [ 3.344857639634658, 6.604016254217904 ], [ 3.340334550117783, 6.604019364391634 ], [ 3.34033764093347, 6.608542322986079 ] ] ] ] } },
{ "type": "Feature", "properties": { "id": 174.0, "left": 537700.1067, "top": 729876.2846, "right": 538200.1067, "bottom": 729376.2846, "row_index": 12.0, "col_index": 7.0, "facility_count": 2.0, "pop_sum": 4405.9551544189453, "people_per_phc": 2202.978, "equity_class": "Adequate" }, "geometry": { "type": "MultiPolygon", "coordinates": [ [ [ [ 3.340334550117783, 6.604019364391634 ], [ 3.344857639634658, 6.604016254217904 ], [ 3.3448545099355, 6.599493296948872 ], [ 3.340331461465241, 6.599496404973963 ], [ 3.340334550117783, 6.604019364391634 ] ] ] ] } },
{ "type": "Feature", "properties": { "id": 175.0, "left": 537700.1067, "top": 729376.2846, "right": 538200.1067, "bottom": 728876.2846, "row_index": 13.0, "col_index": 7.0, "facility_count": 3.0, "pop_sum": 6005.5810546875, "people_per_phc": 2001.86, "equity_class": "Adequate" }, "geometry": { "type": "MultiPolygon", "coordinates": [ [ [ [ 3.340331461465241, 6.599496404973963 ], [ 3.3448545099355, 6.599493296948872 ], [ 3.344851382428135, 6.594970338857131 ], [ 3.340328374975746, 6.594973444733627 ], [ 3.340331461465241, 6.599496404973963 ] ] ] ] } },
{ "type": "Feature", "properties": { "id": 176.0, "left": 537700.1067, "top": 728876.2846, "right": 538200.1067, "bottom": 728376.2846, "row_index": 14.0, "col_index": 7.0, "facility_count": 3.0, "pop_sum": 2789.7045288085938, "people_per_phc": 929.902, "equity_class": "Adequate" }, "geometry": { "type": "MultiPolygon", "coordinates": [ [ [ [ 3.340328374975746, 6.594973444733627 ], [ 3.344851382428135, 6.594970338857131 ], [ 3.344848257112466, 6.590447379943233 ], [ 3.340325290649202, 6.590450483671166 ], [ 3.340328374975746, 6.594973444733627 ] ] ] ] } },
{ "type": "Feature", "properties": { "id": 177.0, "left": 537700.1067, "top": 728376.2846, "right": 538200.1067, "bottom": 727876.2846, "row_index": 15.0, "col_index": 7.0, "facility_count": 0.0, "pop_sum": 2489.0901069641113, "people_per_phc": 99999.0, "equity_class": "Critical G" }, "geometry": { "type": "MultiPolygon", "coordinates": [ [ [ [ 3.340325290649202, 6.590450483671166 ], [ 3.344848257112466, 6.590447379943233 ], [ 3.344845133988394, 6.585924420207725 ], [ 3.340322208485513, 6.585927521787132 ], [ 3.340325290649202, 6.590450483671166 ] ] ] ] } },
{ "type": "Feature", "properties": { "id": 178.0, "left": 537700.1067, "top": 727876.2846, "right": 538200.1067, "bottom": 727376.2846, "row_index": 16.0, "col_index": 7.0, "facility_count": 0.0, "pop_sum": 2587.9196872711182, "people_per_phc": 99999.0, "equity_class": "Critical G" }, "geometry": { "type": "MultiPolygon", "coordinates": [ [ [ [ 3.340322208485513, 6.585927521787132 ], [ 3.344845133988394, 6.585924420207725 ], [ 3.344842013055823, 6.581401459651155 ], [ 3.340319128484584, 6.581404559082077 ], [ 3.340322208485513, 6.585927521787132 ] ] ] ] } },
{ "type": "Feature", "properties": { "id": 179.0, "left": 537700.1067, "top": 727376.2846, "right": 538200.1067, "bottom": 726876.2846, "row_index": 17.0, "col_index": 7.0, "facility_count": 0.0, "pop_sum": 2288.1145629882812, "people_per_phc": 99999.0, "equity_class": "Critical G" }, "geometry": { "type": "MultiPolygon", "coordinates": [ [ [ [ 3.340319128484584, 6.581404559082077 ], [ 3.344842013055823, 6.581401459651155 ], [ 3.344838894314655, 6.576878498274076 ], [ 3.340316050646316, 6.576881595556549 ], [ 3.340319128484584, 6.581404559082077 ] ] ] ] } },
{ "type": "Feature", "properties": { "id": 180.0, "left": 537700.1067, "top": 726876.2846, "right": 538200.1067, "bottom": 726376.2846, "row_index": 18.0, "col_index": 7.0, "facility_count": 0.0, "pop_sum": 876.55754089355469, "people_per_phc": 99999.0, "equity_class": "Underserve" }, "geometry": { "type": "MultiPolygon", "coordinates": [ [ [ [ 3.340316050646316, 6.576881595556549 ], [ 3.344838894314655, 6.576878498274076 ], [ 3.344835777764792, 6.572355536077035 ], [ 3.340312974970614, 6.572358631211097 ], [ 3.340316050646316, 6.576881595556549 ] ] ] ] } },
{ "type": "Feature", "properties": { "id": 185.0, "left": 538200.1067, "top": 735876.2846, "right": 538700.1067, "bottom": 735376.2846, "row_index": 0.0, "col_index": 8.0, "facility_count": 0.0, "pop_sum": 1159.9076232910156, "people_per_phc": 99999.0, "equity_class": "Underserve" }, "geometry": { "type": "MultiPolygon", "coordinates": [ [ [ [ 3.34489536702017, 6.658291677075105 ], [ 3.349418949145974, 6.658288499714632 ], [ 3.349415751746069, 6.653765554538398 ], [ 3.344892211011832, 6.653768729721413 ], [ 3.34489536702017, 6.658291677075105 ] ] ] ] } },
{ "type": "Feature", "properties": { "id": 186.0, "left": 538200.1067, "top": 735376.2846, "right": 538700.1067, "bottom": 734876.2846, "row_index": 1.0, "col_index": 8.0, "facility_count": 3.0, "pop_sum": 5651.0552101135254, "people_per_phc": 1883.685, "equity_class": "Adequate" }, "geometry": { "type": "MultiPolygon", "coordinates": [ [ [ [ 3.344892211011832, 6.653768729721413 ], [ 3.349415751746069, 6.653765554538398 ], [ 3.349412556567897, 6.64924260853283 ], [ 3.344889057196467, 6.649245781538426 ], [ 3.344892211011832, 6.653768729721413 ] ] ] ] } },
{ "type": "Feature", "properties": { "id": 187.0, "left": 538200.1067, "top": 734876.2846, "right": 538700.1067, "bottom": 734376.2846, "row_index": 2.0, "col_index": 8.0, "facility_count": 0.0, "pop_sum": 5365.7727813720703, "people_per_phc": 99999.0, "equity_class": "Critical G" }, "geometry": { "type": "MultiPolygon", "coordinates": [ [ [ [ 3.344889057196467, 6.649245781538426 ], [ 3.349412556567897, 6.64924260853283 ], [ 3.349409363611361, 6.64471966169847 ], [ 3.344885905573975, 6.644722832526686 ], [ 3.344889057196467, 6.649245781538426 ] ] ] ] } },
{ "type": "Feature", "properties": { "id": 188.0, "left": 538200.1067, "top": 734376.2846, "right": 538700.1067, "bottom": 733876.2846, "row_index": 3.0, "col_index": 8.0, "facility_count": 0.0, "pop_sum": 5645.7912139892578, "people_per_phc": 99999.0, "equity_class": "Critical G" }, "geometry": { "type": "MultiPolygon", "coordinates": [ [ [ [ 3.344885905573975, 6.644722832526686 ], [ 3.349409363611361, 6.64471966169847 ], [ 3.349406172876358, 6.640196714035873 ], [ 3.34488275614426, 6.640199882686746 ], [ 3.344885905573975, 6.644722832526686 ] ] ] ] } },
{ "type": "Feature", "properties": { "id": 189.0, "left": 538200.1067, "top": 733876.2846, "right": 538700.1067, "bottom": 733376.2846, "row_index": 4.0, "col_index": 8.0, "facility_count": 1.0, "pop_sum": 7046.880485534668, "people_per_phc": 7046.88, "equity_class": "Adequate" }, "geometry": { "type": "MultiPolygon", "coordinates": [ [ [ [ 3.34488275614426, 6.640199882686746 ], [ 3.349406172876358, 6.640196714035873 ], [ 3.34940298436279, 6.635673765545588 ], [ 3.344879608907223, 6.635676932019155 ], [ 3.34488275614426, 6.640199882686746 ] ] ] ] } },
{ "type": "Feature", "properties": { "id": 190.0, "left": 538200.1067, "top": 733376.2846, "right": 538700.1067, "bottom": 732876.2846, "row_index": 5.0, "col_index": 8.0, "facility_count": 1.0, "pop_sum": 4595.0226440429688, "people_per_phc": 4595.023, "equity_class": "Adequate" }, "geometry": { "type": "MultiPolygon", "coordinates": [ [ [ [ 3.344879608907223, 6.635676932019155 ], [ 3.34940298436279, 6.635673765545588 ], [ 3.349399798070558, 6.63115081622816 ], [ 3.344876463862763, 6.631153980524462 ], [ 3.344879608907223, 6.635676932019155 ] ] ] ] } },
{ "type": "Feature", "properties": { "id": 191.0, "left": 538200.1067, "top": 732876.2846, "right": 538700.1067, "bottom": 732376.2846, "row_index": 6.0, "col_index": 8.0, "facility_count": 1.0, "pop_sum": 2576.0192337036133, "people_per_phc": 2576.019, "equity_class": "Adequate" }, "geometry": { "type": "MultiPolygon", "coordinates": [ [ [ [ 3.344876463862763, 6.631153980524462 ], [ 3.349399798070558, 6.63115081622816 ], [ 3.34939661399956, 6.626627866084143 ], [ 3.344873321010784, 6.626631028203214 ], [ 3.344876463862763, 6.631153980524462 ] ] ] ] } },
{ "type": "Feature", "properties": { "id": 192.0, "left": 538200.1067, "top": 732376.2846, "right": 538700.1067, "bottom": 731876.2846, "row_index": 7.0, "col_index": 8.0, "facility_count": 0.0, "pop_sum": 2418.6018562316895, "people_per_phc": 99999.0, "equity_class": "Critical G" }, "geometry": { "type": "MultiPolygon", "coordinates": [ [ [ [ 3.344873321010784, 6.626631028203214 ], [ 3.34939661399956, 6.626627866084143 ], [ 3.349393432149697, 6.622104915114081 ], [ 3.344870180351188, 6.622108075055961 ], [ 3.344873321010784, 6.626631028203214 ] ] ] ] } },
{ "type": "Feature", "properties": { "id": 193.0, "left": 538200.1067, "top": 731876.2846, "right": 538700.1067, "bottom": 731376.2846, "row_index": 8.0, "col_index": 8.0, "facility_count": 2.0, "pop_sum": 5260.2730026245117, "people_per_phc": 2630.137, "equity_class": "Adequate" }, "geometry": { "type": "MultiPolygon", "coordinates": [ [ [ [ 3.344870180351188, 6.622108075055961 ], [ 3.349393432149697, 6.622104915114081 ], [ 3.349390252520871, 6.61758196331853 ], [ 3.344867041883874, 6.617585121083256 ], [ 3.344870180351188, 6.622108075055961 ] ] ] ] } },
{ "type": "Feature", "properties": { "id": 194.0, "left": 538200.1067, "top": 731376.2846, "right": 538700.1067, "bottom": 730876.2846, "row_index": 9.0, "col_index": 8.0, "facility_count": 3.0, "pop_sum": 5420.6975708007812, "people_per_phc": 1806.899, "equity_class": "Adequate" }, "geometry": { "type": "MultiPolygon", "coordinates": [ [ [ [ 3.344867041883874, 6.617585121083256 ], [ 3.349390252520871, 6.61758196331853 ], [ 3.349387075112981, 6.613059010698033 ], [ 3.344863905608747, 6.613062166285645 ], [ 3.344867041883874, 6.617585121083256 ] ] ] ] } },
{ "type": "Feature", "properties": { "id": 195.0, "left": 538200.1067, "top": 730876.2846, "right": 538700.1067, "bottom": 730376.2846, "row_index": 10.0, "col_index": 8.0, "facility_count": 1.0, "pop_sum": 5281.8773727416992, "people_per_phc": 5281.877, "equity_class": "Adequate" }, "geometry": { "type": "MultiPolygon", "coordinates": [ [ [ [ 3.344863905608747, 6.613062166285645 ], [ 3.349387075112981, 6.613059010698033 ], [ 3.349383899925927, 6.608536057253144 ], [ 3.344860771525708, 6.608539210663677 ], [ 3.344863905608747, 6.613062166285645 ] ] ] ] } },
{ "type": "Feature", "properties": { "id": 196.0, "left": 538200.1067, "top": 730376.2846, "right": 538700.1067, "bottom": 729876.2846, "row_index": 11.0, "col_index": 8.0, "facility_count": 2.0, "pop_sum": 4773.3943786621094, "people_per_phc": 2386.697, "equity_class": "Adequate" }, "geometry": { "type": "MultiPolygon", "coordinates": [ [ [ [ 3.344860771525708, 6.608539210663677 ], [ 3.349383899925927, 6.608536057253144 ], [ 3.349380726959613, 6.60401310298441 ], [ 3.344857639634658, 6.604016254217904 ], [ 3.344860771525708, 6.608539210663677 ] ] ] ] } },
{ "type": "Feature", "properties": { "id": 197.0, "left": 538200.1067, "top": 729876.2846, "right": 538700.1067, "bottom": 729376.2846, "row_index": 12.0, "col_index": 8.0, "facility_count": 1.0, "pop_sum": 5569.4156799316406, "people_per_phc": 5569.416, "equity_class": "Adequate" }, "geometry": { "type": "MultiPolygon", "coordinates": [ [ [ [ 3.344857639634658, 6.604016254217904 ], [ 3.349380726959613, 6.60401310298441 ], [ 3.349377556213935, 6.599490147892379 ], [ 3.3448545099355, 6.599493296948872 ], [ 3.344857639634658, 6.604016254217904 ] ] ] ] } },
{ "type": "Feature", "properties": { "id": 198.0, "left": 538200.1067, "top": 729376.2846, "right": 538700.1067, "bottom": 728876.2846, "row_index": 13.0, "col_index": 8.0, "facility_count": 6.0, "pop_sum": 6155.5359268188477, "people_per_phc": 1025.923, "equity_class": "Adequate" }, "geometry": { "type": "MultiPolygon", "coordinates": [ [ [ [ 3.3448545099355, 6.599493296948872 ], [ 3.349377556213935, 6.599490147892379 ], [ 3.349374387688798, 6.594967191977603 ], [ 3.344851382428135, 6.594970338857131 ], [ 3.3448545099355, 6.599493296948872 ] ] ] ] } },
{ "type": "Feature", "properties": { "id": 199.0, "left": 538200.1067, "top": 728876.2846, "right": 538700.1067, "bottom": 728376.2846, "row_index": 14.0, "col_index": 8.0, "facility_count": 1.0, "pop_sum": 3090.3934745788574, "people_per_phc": 3090.393, "equity_class": "Adequate" }, "geometry": { "type": "MultiPolygon", "coordinates": [ [ [ [ 3.344851382428135, 6.594970338857131 ], [ 3.349374387688798, 6.594967191977603 ], [ 3.349371221384101, 6.590444235240631 ], [ 3.344848257112466, 6.590447379943233 ], [ 3.344851382428135, 6.594970338857131 ] ] ] ] } },
{ "type": "Feature", "properties": { "id": 200.0, "left": 538200.1067, "top": 728376.2846, "right": 538700.1067, "bottom": 727876.2846, "row_index": 15.0, "col_index": 8.0, "facility_count": 1.0, "pop_sum": 2966.6817626953125, "people_per_phc": 2966.682, "equity_class": "Adequate" }, "geometry": { "type": "MultiPolygon", "coordinates": [ [ [ [ 3.344848257112466, 6.590447379943233 ], [ 3.349371221384101, 6.590444235240631 ], [ 3.349368057299746, 6.585921277682008 ], [ 3.344845133988394, 6.585924420207725 ], [ 3.344848257112466, 6.590447379943233 ] ] ] ] } },
{ "type": "Feature", "properties": { "id": 201.0, "left": 538200.1067, "top": 727876.2846, "right": 538700.1067, "bottom": 727376.2846, "row_index": 16.0, "col_index": 8.0, "facility_count": 0.0, "pop_sum": 3911.6871929168701, "people_per_phc": 99999.0, "equity_class": "Critical G" }, "geometry": { "type": "MultiPolygon", "coordinates": [ [ [ [ 3.344845133988394, 6.585924420207725 ], [ 3.349368057299746, 6.585921277682008 ], [ 3.349364895435631, 6.581398319302289 ], [ 3.344842013055823, 6.581401459651155 ], [ 3.344845133988394, 6.585924420207725 ] ] ] ] } },
{ "type": "Feature", "properties": { "id": 202.0, "left": 538200.1067, "top": 727376.2846, "right": 538700.1067, "bottom": 726876.2846, "row_index": 17.0, "col_index": 8.0, "facility_count": 0.0, "pop_sum": 4340.4028015136719, "people_per_phc": 99999.0, "equity_class": "Critical G" }, "geometry": { "type": "MultiPolygon", "coordinates": [ [ [ [ 3.344842013055823, 6.581401459651155 ], [ 3.349364895435631, 6.581398319302289 ], [ 3.349361735791661, 6.576875360102026 ], [ 3.344838894314655, 6.576878498274076 ], [ 3.344842013055823, 6.581401459651155 ] ] ] ] } },
{ "type": "Feature", "properties": { "id": 203.0, "left": 538200.1067, "top": 726876.2846, "right": 538700.1067, "bottom": 726376.2846, "row_index": 18.0, "col_index": 8.0, "facility_count": 1.0, "pop_sum": 4327.988525390625, "people_per_phc": 4327.989, "equity_class": "Adequate" }, "geometry": { "type": "MultiPolygon", "coordinates": [ [ [ [ 3.344838894314655, 6.576878498274076 ], [ 3.349361735791661, 6.576875360102026 ], [ 3.349358578367735, 6.572352400081759 ], [ 3.344835777764792, 6.572355536077035 ], [ 3.344838894314655, 6.576878498274076 ] ] ] ] } },
{ "type": "Feature", "properties": { "id": 204.0, "left": 538200.1067, "top": 726376.2846, "right": 538700.1067, "bottom": 725876.2846, "row_index": 19.0, "col_index": 8.0, "facility_count": 0.0, "pop_sum": 2768.7039184570312, "people_per_phc": 99999.0, "equity_class": "Critical G" }, "geometry": { "type": "MultiPolygon", "coordinates": [ [ [ [ 3.344835777764792, 6.572355536077035 ], [ 3.349358578367735, 6.572352400081759 ], [ 3.349355423163754, 6.567829439242045 ], [ 3.344832663406137, 6.567832573060581 ], [ 3.344835777764792, 6.572355536077035 ] ] ] ] } },
{ "type": "Feature", "properties": { "id": 205.0, "left": 538200.1067, "top": 725876.2846, "right": 538700.1067, "bottom": 725376.2846, "row_index": 20.0, "col_index": 8.0, "facility_count": 0.0, "pop_sum": 1162.5091323852539, "people_per_phc": 99999.0, "equity_class": "Underserve" }, "geometry": { "type": "MultiPolygon", "coordinates": [ [ [ [ 3.344832663406137, 6.567832573060581 ], [ 3.349355423163754, 6.567829439242045 ], [ 3.349352270179621, 6.56330647758343 ], [ 3.344829551238592, 6.563309609225266 ], [ 3.344832663406137, 6.567832573060581 ] ] ] ] } },
{ "type": "Feature", "properties": { "id": 206.0, "left": 538200.1067, "top": 725376.2846, "right": 538700.1067, "bottom": 724876.2846, "row_index": 21.0, "col_index": 8.0, "facility_count": 0.0, "pop_sum": 235.23311614990234, "people_per_phc": 99999.0, "equity_class": "Underserve" }, "geometry": { "type": "MultiPolygon", "coordinates": [ [ [ [ 3.344829551238592, 6.563309609225266 ], [ 3.349352270179621, 6.56330647758343 ], [ 3.349349119415235, 6.558783515106463 ], [ 3.344826441262061, 6.558786644571638 ], [ 3.344829551238592, 6.563309609225266 ] ] ] ] } },
{ "type": "Feature", "properties": { "id": 208.0, "left": 538700.1067, "top": 735876.2846, "right": 539200.1067, "bottom": 735376.2846, "row_index": 0.0, "col_index": 9.0, "facility_count": 0.0, "pop_sum": 1610.547082901001, "people_per_phc": 99999.0, "equity_class": "Underserve" }, "geometry": { "type": "MultiPolygon", "coordinates": [ [ [ [ 3.349418949145974, 6.658288499714632 ], [ 3.353942529049914, 6.658285280954066 ], [ 3.353939290258542, 6.65376233798366 ], [ 3.349415751746069, 6.653765554538398 ], [ 3.349418949145974, 6.658288499714632 ] ] ] ] } },
{ "type": "Feature", "properties": { "id": 209.0, "left": 538700.1067, "top": 735376.2846, "right": 539200.1067, "bottom": 734876.2846, "row_index": 1.0, "col_index": 9.0, "facility_count": 1.0, "pop_sum": 4356.973388671875, "people_per_phc": 4356.973, "equity_class": "Adequate" }, "geometry": { "type": "MultiPolygon", "coordinates": [ [ [ [ 3.349415751746069, 6.653765554538398 ], [ 3.353939290258542, 6.65376233798366 ], [ 3.353936053717666, 6.64923939418388 ], [ 3.349412556567897, 6.64924260853283 ], [ 3.349415751746069, 6.653765554538398 ] ] ] ] } },
{ "type": "Feature", "properties": { "id": 210.0, "left": 538700.1067, "top": 734876.2846, "right": 539200.1067, "bottom": 734376.2846, "row_index": 2.0, "col_index": 9.0, "facility_count": 1.0, "pop_sum": 4346.4323959350586, "people_per_phc": 4346.432, "equity_class": "Adequate" }, "geometry": { "type": "MultiPolygon", "coordinates": [ [ [ [ 3.349412556567897, 6.64924260853283 ], [ 3.353936053717666, 6.64923939418388 ], [ 3.353932819427183, 6.644716449555273 ], [ 3.349409363611361, 6.64471966169847 ], [ 3.349412556567897, 6.64924260853283 ] ] ] ] } },
{ "type": "Feature", "properties": { "id": 211.0, "left": 538700.1067, "top": 734376.2846, "right": 539200.1067, "bottom": 733876.2846, "row_index": 3.0, "col_index": 9.0, "facility_count": 0.0, "pop_sum": 4154.3261947631836, "people_per_phc": 99999.0, "equity_class": "Critical G" }, "geometry": { "type": "MultiPolygon", "coordinates": [ [ [ [ 3.349409363611361, 6.64471966169847 ], [ 3.353932819427183, 6.644716449555273 ], [ 3.353929587386993, 6.640193504098389 ], [ 3.349406172876358, 6.640196714035873 ], [ 3.349409363611361, 6.64471966169847 ] ] ] ] } },
{ "type": "Feature", "properties": { "id": 212.0, "left": 538700.1067, "top": 733876.2846, "right": 539200.1067, "bottom": 733376.2846, "row_index": 4.0, "col_index": 9.0, "facility_count": 0.0, "pop_sum": 5535.9770278930664, "people_per_phc": 99999.0, "equity_class": "Critical G" }, "geometry": { "type": "MultiPolygon", "coordinates": [ [ [ [ 3.349406172876358, 6.640196714035873 ], [ 3.353929587386993, 6.640193504098389 ], [ 3.353926357596995, 6.635670557813779 ], [ 3.34940298436279, 6.635673765545588 ], [ 3.349406172876358, 6.640196714035873 ] ] ] ] } },
{ "type": "Feature", "properties": { "id": 213.0, "left": 538700.1067, "top": 733376.2846, "right": 539200.1067, "bottom": 732876.2846, "row_index": 5.0, "col_index": 9.0, "facility_count": 1.0, "pop_sum": 3676.3598175048828, "people_per_phc": 3676.36, "equity_class": "Adequate" }, "geometry": { "type": "MultiPolygon", "coordinates": [ [ [ [ 3.34940298436279, 6.635673765545588 ], [ 3.353926357596995, 6.635670557813779 ], [ 3.353923130057088, 6.631147610701987 ], [ 3.349399798070558, 6.63115081622816 ], [ 3.34940298436279, 6.635673765545588 ] ] ] ] } },
{ "type": "Feature", "properties": { "id": 214.0, "left": 538700.1067, "top": 732876.2846, "right": 539200.1067, "bottom": 732376.2846, "row_index": 6.0, "col_index": 9.0, "facility_count": 0.0, "pop_sum": 1793.017484664917, "people_per_phc": 99999.0, "equity_class": "Underserve" }, "geometry": { "type": "MultiPolygon", "coordinates": [ [ [ [ 3.349399798070558, 6.63115081622816 ], [ 3.353923130057088, 6.631147610701987 ], [ 3.35391990476717, 6.626624662763565 ], [ 3.34939661399956, 6.626627866084143 ], [ 3.349399798070558, 6.63115081622816 ] ] ] ] } },
{ "type": "Feature", "properties": { "id": 215.0, "left": 538700.1067, "top": 732376.2846, "right": 539200.1067, "bottom": 731876.2846, "row_index": 7.0, "col_index": 9.0, "facility_count": 1.0, "pop_sum": 2675.0070381164551, "people_per_phc": 2675.007, "equity_class": "Adequate" }, "geometry": { "type": "MultiPolygon", "coordinates": [ [ [ [ 3.34939661399956, 6.626627866084143 ], [ 3.35391990476717, 6.626624662763565 ], [ 3.353916681727141, 6.622101713999066 ], [ 3.349393432149697, 6.622104915114081 ], [ 3.34939661399956, 6.626627866084143 ] ] ] ] } },
{ "type": "Feature", "properties": { "id": 216.0, "left": 538700.1067, "top": 731876.2846, "right": 539200.1067, "bottom": 731376.2846, "row_index": 8.0, "col_index": 9.0, "facility_count": 0.0, "pop_sum": 1792.807991027832, "people_per_phc": 99999.0, "equity_class": "Underserve" }, "geometry": { "type": "MultiPolygon", "coordinates": [ [ [ [ 3.349393432149697, 6.622104915114081 ], [ 3.353916681727141, 6.622101713999066 ], [ 3.353913460936901, 6.617578764409036 ], [ 3.349390252520871, 6.61758196331853 ], [ 3.349393432149697, 6.622104915114081 ] ] ] ] } },
{ "type": "Feature", "properties": { "id": 217.0, "left": 538700.1067, "top": 731376.2846, "right": 539200.1067, "bottom": 730876.2846, "row_index": 9.0, "col_index": 9.0, "facility_count": 0.0, "pop_sum": 2686.1305370330811, "people_per_phc": 99999.0, "equity_class": "Critical G" }, "geometry": { "type": "MultiPolygon", "coordinates": [ [ [ [ 3.349390252520871, 6.61758196331853 ], [ 3.353913460936901, 6.617578764409036 ], [ 3.353910242396348, 6.613055813994021 ], [ 3.349387075112981, 6.613059010698033 ], [ 3.349390252520871, 6.61758196331853 ] ] ] ] } },
{ "type": "Feature", "properties": { "id": 218.0, "left": 538700.1067, "top": 730876.2846, "right": 539200.1067, "bottom": 730376.2846, "row_index": 10.0, "col_index": 9.0, "facility_count": 0.0, "pop_sum": 2925.6696434020996, "people_per_phc": 99999.0, "equity_class": "Critical G" }, "geometry": { "type": "MultiPolygon", "coordinates": [ [ [ [ 3.349387075112981, 6.613059010698033 ], [ 3.353910242396348, 6.613055813994021 ], [ 3.35390702610538, 6.608532862754575 ], [ 3.349383899925927, 6.608536057253144 ], [ 3.349387075112981, 6.613059010698033 ] ] ] ] } },
{ "type": "Feature", "properties": { "id": 219.0, "left": 538700.1067, "top": 730376.2846, "right": 539200.1067, "bottom": 729876.2846, "row_index": 11.0, "col_index": 9.0, "facility_count": 0.0, "pop_sum": 3492.7875061035156, "people_per_phc": 99999.0, "equity_class": "Critical G" }, "geometry": { "type": "MultiPolygon", "coordinates": [ [ [ [ 3.349383899925927, 6.608536057253144 ], [ 3.35390702610538, 6.608532862754575 ], [ 3.3539038120639, 6.604009910691246 ], [ 3.349380726959613, 6.60401310298441 ], [ 3.349383899925927, 6.608536057253144 ] ] ] ] } },
{ "type": "Feature", "properties": { "id": 220.0, "left": 538700.1067, "top": 729876.2846, "right": 539200.1067, "bottom": 729376.2846, "row_index": 12.0, "col_index": 9.0, "facility_count": 3.0, "pop_sum": 4693.9444885253906, "people_per_phc": 1564.648, "equity_class": "Adequate" }, "geometry": { "type": "MultiPolygon", "coordinates": [ [ [ [ 3.349380726959613, 6.60401310298441 ], [ 3.3539038120639, 6.604009910691246 ], [ 3.353900600271804, 6.599486957804582 ], [ 3.349377556213935, 6.599490147892379 ], [ 3.349380726959613, 6.60401310298441 ] ] ] ] } },
{ "type": "Feature", "properties": { "id": 221.0, "left": 538700.1067, "top": 729376.2846, "right": 539200.1067, "bottom": 728876.2846, "row_index": 13.0, "col_index": 9.0, "facility_count": 2.0, "pop_sum": 5016.5002899169922, "people_per_phc": 2508.25, "equity_class": "Adequate" }, "geometry": { "type": "MultiPolygon", "coordinates": [ [ [ [ 3.349377556213935, 6.599490147892379 ], [ 3.353900600271804, 6.599486957804582 ], [ 3.353897390728993, 6.594964004095134 ], [ 3.349374387688798, 6.594967191977603 ], [ 3.349377556213935, 6.599490147892379 ] ] ] ] } },
{ "type": "Feature", "properties": { "id": 222.0, "left": 538700.1067, "top": 728876.2846, "right": 539200.1067, "bottom": 728376.2846, "row_index": 14.0, "col_index": 9.0, "facility_count": 0.0, "pop_sum": 2418.573917388916, "people_per_phc": 99999.0, "equity_class": "Critical G" }, "geometry": { "type": "MultiPolygon", "coordinates": [ [ [ [ 3.349374387688798, 6.594967191977603 ], [ 3.353897390728993, 6.594964004095134 ], [ 3.353894183435367, 6.590441049563452 ], [ 3.349371221384101, 6.590444235240631 ], [ 3.349374387688798, 6.594967191977603 ] ] ] ] } },
{ "type": "Feature", "properties": { "id": 223.0, "left": 538700.1067, "top": 728376.2846, "right": 539200.1067, "bottom": 727876.2846, "row_index": 15.0, "col_index": 9.0, "facility_count": 0.0, "pop_sum": 3383.5915145874023, "people_per_phc": 99999.0, "equity_class": "Critical G" }, "geometry": { "type": "MultiPolygon", "coordinates": [ [ [ [ 3.349371221384101, 6.590444235240631 ], [ 3.353894183435367, 6.590441049563452 ], [ 3.353890978390824, 6.585918094210085 ], [ 3.349368057299746, 6.585921277682008 ], [ 3.349371221384101, 6.590444235240631 ] ] ] ] } },
{ "type": "Feature", "properties": { "id": 224.0, "left": 538700.1067, "top": 727876.2846, "right": 539200.1067, "bottom": 727376.2846, "row_index": 16.0, "col_index": 9.0, "facility_count": 0.0, "pop_sum": 4426.0773315429688, "people_per_phc": 99999.0, "equity_class": "Critical G" }, "geometry": { "type": "MultiPolygon", "coordinates": [ [ [ [ 3.349368057299746, 6.585921277682008 ], [ 3.353890978390824, 6.585918094210085 ], [ 3.353887775595266, 6.581395138035582 ], [ 3.349364895435631, 6.581398319302289 ], [ 3.349368057299746, 6.585921277682008 ] ] ] ] } },
{ "type": "Feature", "properties": { "id": 225.0, "left": 538700.1067, "top": 727376.2846, "right": 539200.1067, "bottom": 726876.2846, "row_index": 17.0, "col_index": 9.0, "facility_count": 0.0, "pop_sum": 3425.826774597168, "people_per_phc": 99999.0, "equity_class": "Critical G" }, "geometry": { "type": "MultiPolygon", "coordinates": [ [ [ [ 3.349364895435631, 6.581398319302289 ], [ 3.353887775595266, 6.581395138035582 ], [ 3.353884575048592, 6.576872181040491 ], [ 3.349361735791661, 6.576875360102026 ], [ 3.349364895435631, 6.581398319302289 ] ] ] ] } },
{ "type": "Feature", "properties": { "id": 226.0, "left": 538700.1067, "top": 726876.2846, "right": 539200.1067, "bottom": 726376.2846, "row_index": 18.0, "col_index": 9.0, "facility_count": 0.0, "pop_sum": 3553.0353240966797, "people_per_phc": 99999.0, "equity_class": "Critical G" }, "geometry": { "type": "MultiPolygon", "coordinates": [ [ [ [ 3.349361735791661, 6.576875360102026 ], [ 3.353884575048592, 6.576872181040491 ], [ 3.353881376750702, 6.572349223225364 ], [ 3.349358578367735, 6.572352400081759 ], [ 3.349361735791661, 6.576875360102026 ] ] ] ] } },
{ "type": "Feature", "properties": { "id": 227.0, "left": 538700.1067, "top": 726376.2846, "right": 539200.1067, "bottom": 725876.2846, "row_index": 19.0, "col_index": 9.0, "facility_count": 4.0, "pop_sum": 3273.6768569946289, "people_per_phc": 818.419, "equity_class": "Adequate" }, "geometry": { "type": "MultiPolygon", "coordinates": [ [ [ [ 3.349358578367735, 6.572352400081759 ], [ 3.353881376750702, 6.572349223225364 ], [ 3.353878180701494, 6.567826264590748 ], [ 3.349355423163754, 6.567829439242045 ], [ 3.349358578367735, 6.572352400081759 ] ] ] ] } },
{ "type": "Feature", "properties": { "id": 228.0, "left": 538700.1067, "top": 725876.2846, "right": 539200.1067, "bottom": 725376.2846, "row_index": 20.0, "col_index": 9.0, "facility_count": 0.0, "pop_sum": 2147.3276100158691, "people_per_phc": 99999.0, "equity_class": "Critical G" }, "geometry": { "type": "MultiPolygon", "coordinates": [ [ [ [ 3.349355423163754, 6.567829439242045 ], [ 3.353878180701494, 6.567826264590748 ], [ 3.353874986900871, 6.563303305137192 ], [ 3.349352270179621, 6.56330647758343 ], [ 3.349355423163754, 6.567829439242045 ] ] ] ] } },
{ "type": "Feature", "properties": { "id": 229.0, "left": 538700.1067, "top": 725376.2846, "right": 539200.1067, "bottom": 724876.2846, "row_index": 21.0, "col_index": 9.0, "facility_count": 0.0, "pop_sum": 2215.0832328796387, "people_per_phc": 99999.0, "equity_class": "Critical G" }, "geometry": { "type": "MultiPolygon", "coordinates": [ [ [ [ 3.349352270179621, 6.56330647758343 ], [ 3.353874986900871, 6.563303305137192 ], [ 3.353871795348731, 6.55878034486525 ], [ 3.349349119415235, 6.558783515106463 ], [ 3.349352270179621, 6.56330647758343 ] ] ] ] } },
{ "type": "Feature", "properties": { "id": 230.0, "left": 538700.1067, "top": 724876.2846, "right": 539200.1067, "bottom": 724376.2846, "row_index": 22.0, "col_index": 9.0, "facility_count": 0.0, "pop_sum": 656.31761932373047, "people_per_phc": 99999.0, "equity_class": "Underserve" }, "geometry": { "type": "MultiPolygon", "coordinates": [ [ [ [ 3.349349119415235, 6.558783515106463 ], [ 3.353871795348731, 6.55878034486525 ], [ 3.353868606044976, 6.554257383775473 ], [ 3.3493459708705, 6.554260551811695 ], [ 3.349349119415235, 6.558783515106463 ] ] ] ] } },
{ "type": "Feature", "properties": { "id": 231.0, "left": 539200.1067, "top": 735876.2846, "right": 539700.1067, "bottom": 735376.2846, "row_index": 0.0, "col_index": 10.0, "facility_count": 0.0, "pop_sum": 0.0, "people_per_phc": 99999.0, "equity_class": "Underserve" }, "geometry": { "type": "MultiPolygon", "coordinates": [ [ [ [ 3.353942529049914, 6.658285280954066 ], [ 3.358466106703228, 6.658282020793501 ], [ 3.358462826520491, 6.653759080057294 ], [ 3.353939290258542, 6.65376233798366 ], [ 3.353942529049914, 6.658285280954066 ] ] ] ] } },
{ "type": "Feature", "properties": { "id": 232.0, "left": 539200.1067, "top": 735376.2846, "right": 539700.1067, "bottom": 734876.2846, "row_index": 1.0, "col_index": 10.0, "facility_count": 2.0, "pop_sum": 3581.9635620117188, "people_per_phc": 1790.982, "equity_class": "Adequate" }, "geometry": { "type": "MultiPolygon", "coordinates": [ [ [ [ 3.353939290258542, 6.65376233798366 ], [ 3.358462826520491, 6.653759080057294 ], [ 3.35845954861701, 6.64923613849168 ], [ 3.353936053717666, 6.64923939418388 ], [ 3.353939290258542, 6.65376233798366 ] ] ] ] } },
{ "type": "Feature", "properties": { "id": 233.0, "left": 539200.1067, "top": 734876.2846, "right": 539700.1067, "bottom": 734376.2846, "row_index": 2.0, "col_index": 10.0, "facility_count": 1.0, "pop_sum": 4983.726806640625, "people_per_phc": 4983.727, "equity_class": "Adequate" }, "geometry": { "type": "MultiPolygon", "coordinates": [ [ [ [ 3.353936053717666, 6.64923939418388 ], [ 3.35845954861701, 6.64923613849168 ], [ 3.358456272992683, 6.644713196097193 ], [ 3.353932819427183, 6.644716449555273 ], [ 3.353936053717666, 6.64923939418388 ] ] ] ] } },
{ "type": "Feature", "properties": { "id": 234.0, "left": 539200.1067, "top": 734376.2846, "right": 539700.1067, "bottom": 733876.2846, "row_index": 3.0, "col_index": 10.0, "facility_count": 0.0, "pop_sum": 5156.3005981445312, "people_per_phc": 99999.0, "equity_class": "Critical G" }, "geometry": { "type": "MultiPolygon", "coordinates": [ [ [ [ 3.353932819427183, 6.644716449555273 ], [ 3.358456272992683, 6.644713196097193 ], [ 3.358452999647407, 6.640190252874394 ], [ 3.353929587386993, 6.640193504098389 ], [ 3.353932819427183, 6.644716449555273 ] ] ] ] } },
{ "type": "Feature", "properties": { "id": 235.0, "left": 539200.1067, "top": 733876.2846, "right": 539700.1067, "bottom": 733376.2846, "row_index": 4.0, "col_index": 10.0, "facility_count": 1.0, "pop_sum": 5831.2596206665039, "people_per_phc": 5831.26, "equity_class": "Adequate" }, "geometry": { "type": "MultiPolygon", "coordinates": [ [ [ [ 3.353929587386993, 6.640193504098389 ], [ 3.358452999647407, 6.640190252874394 ], [ 3.358449728581079, 6.635667308823826 ], [ 3.353926357596995, 6.635670557813779 ], [ 3.353929587386993, 6.640193504098389 ] ] ] ] } },
{ "type": "Feature", "properties": { "id": 236.0, "left": 539200.1067, "top": 733376.2846, "right": 539700.1067, "bottom": 732876.2846, "row_index": 5.0, "col_index": 10.0, "facility_count": 0.0, "pop_sum": 4673.0908966064453, "people_per_phc": 99999.0, "equity_class": "Critical G" }, "geometry": { "type": "MultiPolygon", "coordinates": [ [ [ [ 3.353926357596995, 6.635670557813779 ], [ 3.358449728581079, 6.635667308823826 ], [ 3.358446459793599, 6.631144363946043 ], [ 3.353923130057088, 6.631147610701987 ], [ 3.353926357596995, 6.635670557813779 ] ] ] ] } },
{ "type": "Feature", "properties": { "id": 237.0, "left": 539200.1067, "top": 732876.2846, "right": 539700.1067, "bottom": 732376.2846, "row_index": 6.0, "col_index": 10.0, "facility_count": 0.0, "pop_sum": 3407.2740287780762, "people_per_phc": 99999.0, "equity_class": "Critical G" }, "geometry": { "type": "MultiPolygon", "coordinates": [ [ [ [ 3.353923130057088, 6.631147610701987 ], [ 3.358446459793599, 6.631144363946043 ], [ 3.358443193284863, 6.626621418241586 ], [ 3.35391990476717, 6.626624662763565 ], [ 3.353923130057088, 6.631147610701987 ] ] ] ] } },
{ "type": "Feature", "properties": { "id": 238.0, "left": 539200.1067, "top": 732376.2846, "right": 539700.1067, "bottom": 731876.2846, "row_index": 7.0, "col_index": 10.0, "facility_count": 0.0, "pop_sum": 4723.9318084716797, "people_per_phc": 99999.0, "equity_class": "Critical G" }, "geometry": { "type": "MultiPolygon", "coordinates": [ [ [ [ 3.35391990476717, 6.626624662763565 ], [ 3.358443193284863, 6.626621418241586 ], [ 3.358439929054768, 6.622098471711014 ], [ 3.353916681727141, 6.622101713999066 ], [ 3.35391990476717, 6.626624662763565 ] ] ] ] } },
{ "type": "Feature", "properties": { "id": 239.0, "left": 539200.1067, "top": 731876.2846, "right": 539700.1067, "bottom": 731376.2846, "row_index": 8.0, "col_index": 10.0, "facility_count": 1.0, "pop_sum": 2608.4222106933594, "people_per_phc": 2608.422, "equity_class": "Adequate" }, "geometry": { "type": "MultiPolygon", "coordinates": [ [ [ [ 3.353916681727141, 6.622101713999066 ], [ 3.358439929054768, 6.622098471711014 ], [ 3.358436667103215, 6.617575524354872 ], [ 3.353913460936901, 6.617578764409036 ], [ 3.353916681727141, 6.622101713999066 ] ] ] ] } },
{ "type": "Feature", "properties": { "id": 240.0, "left": 539200.1067, "top": 731376.2846, "right": 539700.1067, "bottom": 730876.2846, "row_index": 9.0, "col_index": 10.0, "facility_count": 0.0, "pop_sum": 2444.6565437316895, "people_per_phc": 99999.0, "equity_class": "Critical G" }, "geometry": { "type": "MultiPolygon", "coordinates": [ [ [ [ 3.353913460936901, 6.617578764409036 ], [ 3.358436667103215, 6.617575524354872 ], [ 3.358433407430099, 6.613052576173707 ], [ 3.353910242396348, 6.613055813994021 ], [ 3.353913460936901, 6.617578764409036 ] ] ] ] } },
{ "type": "Feature", "properties": { "id": 241.0, "left": 539200.1067, "top": 730876.2846, "right": 539700.1067, "bottom": 730376.2846, "row_index": 10.0, "col_index": 10.0, "facility_count": 3.0, "pop_sum": 6030.8625564575195, "people_per_phc": 2010.288, "equity_class": "Adequate" }, "geometry": { "type": "MultiPolygon", "coordinates": [ [ [ [ 3.353910242396348, 6.613055813994021 ], [ 3.358433407430099, 6.613052576173707 ], [ 3.358430150035318, 6.608529627168068 ], [ 3.35390702610538, 6.608532862754575 ], [ 3.353910242396348, 6.613055813994021 ] ] ] ] } },
{ "type": "Feature", "properties": { "id": 242.0, "left": 539200.1067, "top": 730376.2846, "right": 539700.1067, "bottom": 729876.2846, "row_index": 11.0, "col_index": 10.0, "facility_count": 0.0, "pop_sum": 3545.8754425048828, "people_per_phc": 99999.0, "equity_class": "Critical G" }, "geometry": { "type": "MultiPolygon", "coordinates": [ [ [ [ 3.35390702610538, 6.608532862754575 ], [ 3.358430150035318, 6.608529627168068 ], [ 3.358426894918772, 6.604006677338513 ], [ 3.3539038120639, 6.604009910691246 ], [ 3.35390702610538, 6.608532862754575 ] ] ] ] } },
{ "type": "Feature", "properties": { "id": 243.0, "left": 539200.1067, "top": 729876.2846, "right": 539700.1067, "bottom": 729376.2846, "row_index": 12.0, "col_index": 10.0, "facility_count": 1.0, "pop_sum": 5109.8808898925781, "people_per_phc": 5109.881, "equity_class": "Adequate" }, "geometry": { "type": "MultiPolygon", "coordinates": [ [ [ [ 3.3539038120639, 6.604009910691246 ], [ 3.358426894918772, 6.604006677338513 ], [ 3.358423642080357, 6.599483726685583 ], [ 3.353900600271804, 6.599486957804582 ], [ 3.3539038120639, 6.604009910691246 ] ] ] ] } },
{ "type": "Feature", "properties": { "id": 244.0, "left": 539200.1067, "top": 729376.2846, "right": 539700.1067, "bottom": 728876.2846, "row_index": 13.0, "col_index": 10.0, "facility_count": 2.0, "pop_sum": 6142.595344543457, "people_per_phc": 3071.298, "equity_class": "Adequate" }, "geometry": { "type": "MultiPolygon", "coordinates": [ [ [ [ 3.353900600271804, 6.599486957804582 ], [ 3.358423642080357, 6.599483726685583 ], [ 3.358420391519974, 6.594960775209829 ], [ 3.353897390728993, 6.594964004095134 ], [ 3.353900600271804, 6.599486957804582 ] ] ] ] } },
{ "type": "Feature", "properties": { "id": 245.0, "left": 539200.1067, "top": 728876.2846, "right": 539700.1067, "bottom": 728376.2846, "row_index": 14.0, "col_index": 10.0, "facility_count": 0.0, "pop_sum": 3820.5170860290527, "people_per_phc": 99999.0, "equity_class": "Critical G" }, "geometry": { "type": "MultiPolygon", "coordinates": [ [ [ [ 3.353897390728993, 6.594964004095134 ], [ 3.358420391519974, 6.594960775209829 ], [ 3.358417143237519, 6.590437822911802 ], [ 3.353894183435367, 6.590441049563452 ], [ 3.353897390728993, 6.594964004095134 ] ] ] ] } },
{ "type": "Feature", "properties": { "id": 246.0, "left": 539200.1067, "top": 728376.2846, "right": 539700.1067, "bottom": 727876.2846, "row_index": 15.0, "col_index": 10.0, "facility_count": 2.0, "pop_sum": 4165.1569137573242, "people_per_phc": 2082.578, "equity_class": "Adequate" }, "geometry": { "type": "MultiPolygon", "coordinates": [ [ [ [ 3.353894183435367, 6.590441049563452 ], [ 3.358417143237519, 6.590437822911802 ], [ 3.358413897232891, 6.58591486979205 ], [ 3.353890978390824, 6.585918094210085 ], [ 3.353894183435367, 6.590441049563452 ] ] ] ] } },
{ "type": "Feature", "properties": { "id": 247.0, "left": 539200.1067, "top": 727876.2846, "right": 539700.1067, "bottom": 727376.2846, "row_index": 16.0, "col_index": 10.0, "facility_count": 2.0, "pop_sum": 5066.8232803344727, "people_per_phc": 2533.412, "equity_class": "Adequate" }, "geometry": { "type": "MultiPolygon", "coordinates": [ [ [ [ 3.353890978390824, 6.585918094210085 ], [ 3.358413897232891, 6.58591486979205 ], [ 3.358410653505989, 6.581391915851125 ], [ 3.353887775595266, 6.581395138035582 ], [ 3.353890978390824, 6.585918094210085 ] ] ] ] } },
{ "type": "Feature", "properties": { "id": 248.0, "left": 539200.1067, "top": 727376.2846, "right": 539700.1067, "bottom": 726876.2846, "row_index": 17.0, "col_index": 10.0, "facility_count": 0.0, "pop_sum": 4346.6400833129883, "people_per_phc": 99999.0, "equity_class": "Critical G" }, "geometry": { "type": "MultiPolygon", "coordinates": [ [ [ [ 3.353887775595266, 6.581395138035582 ], [ 3.358410653505989, 6.581391915851125 ], [ 3.358407412056711, 6.576868961089574 ], [ 3.353884575048592, 6.576872181040491 ], [ 3.353887775595266, 6.581395138035582 ] ] ] ] } },
{ "type": "Feature", "properties": { "id": 249.0, "left": 539200.1067, "top": 726876.2846, "right": 539700.1067, "bottom": 726376.2846, "row_index": 18.0, "col_index": 10.0, "facility_count": 2.0, "pop_sum": 4805.1748657226562, "people_per_phc": 2402.587, "equity_class": "Adequate" }, "geometry": { "type": "MultiPolygon", "coordinates": [ [ [ [ 3.353884575048592, 6.576872181040491 ], [ 3.358407412056711, 6.576868961089574 ], [ 3.358404172884956, 6.572346005507947 ], [ 3.353881376750702, 6.572349223225364 ], [ 3.353884575048592, 6.576872181040491 ] ] ] ] } },
{ "type": "Feature", "properties": { "id": 250.0, "left": 539200.1067, "top": 726376.2846, "right": 539700.1067, "bottom": 725876.2846, "row_index": 19.0, "col_index": 10.0, "facility_count": 0.0, "pop_sum": 3602.5930480957031, "people_per_phc": 99999.0, "equity_class": "Critical G" }, "geometry": { "type": "MultiPolygon", "coordinates": [ [ [ [ 3.353881376750702, 6.572349223225364 ], [ 3.358404172884956, 6.572346005507947 ], [ 3.358400935990622, 6.567823049106794 ], [ 3.353878180701494, 6.567826264590748 ], [ 3.353881376750702, 6.572349223225364 ] ] ] ] } },
{ "type": "Feature", "properties": { "id": 251.0, "left": 539200.1067, "top": 725876.2846, "right": 539700.1067, "bottom": 725376.2846, "row_index": 20.0, "col_index": 10.0, "facility_count": 0.0, "pop_sum": 1413.6702013015747, "people_per_phc": 99999.0, "equity_class": "Underserve" }, "geometry": { "type": "MultiPolygon", "coordinates": [ [ [ [ 3.353878180701494, 6.567826264590748 ], [ 3.358400935990622, 6.567823049106794 ], [ 3.358397701373608, 6.56330009188666 ], [ 3.353874986900871, 6.563303305137192 ], [ 3.353878180701494, 6.567826264590748 ] ] ] ] } },
{ "type": "Feature", "properties": { "id": 252.0, "left": 539200.1067, "top": 725376.2846, "right": 539700.1067, "bottom": 724876.2846, "row_index": 21.0, "col_index": 10.0, "facility_count": 0.0, "pop_sum": 2116.6354522705078, "people_per_phc": 99999.0, "equity_class": "Critical G" }, "geometry": { "type": "MultiPolygon", "coordinates": [ [ [ [ 3.353874986900871, 6.563303305137192 ], [ 3.358397701373608, 6.56330009188666 ], [ 3.358394469033814, 6.558777133848104 ], [ 3.353871795348731, 6.55878034486525 ], [ 3.353874986900871, 6.563303305137192 ] ] ] ] } },
{ "type": "Feature", "properties": { "id": 253.0, "left": 539200.1067, "top": 724876.2846, "right": 539700.1067, "bottom": 724376.2846, "row_index": 22.0, "col_index": 10.0, "facility_count": 0.0, "pop_sum": 553.8387336730957, "people_per_phc": 99999.0, "equity_class": "Underserve" }, "geometry": { "type": "MultiPolygon", "coordinates": [ [ [ [ 3.353871795348731, 6.55878034486525 ], [ 3.358394469033814, 6.558777133848104 ], [ 3.358391238971137, 6.554254174991671 ], [ 3.353868606044976, 6.554257383775473 ], [ 3.353871795348731, 6.55878034486525 ] ] ] ] } },
{ "type": "Feature", "properties": { "id": 255.0, "left": 539700.1067, "top": 735376.2846, "right": 540200.1067, "bottom": 734876.2846, "row_index": 1.0, "col_index": 11.0, "facility_count": 1.0, "pop_sum": 1483.8704528808594, "people_per_phc": 1483.87, "equity_class": "Adequate" }, "geometry": { "type": "MultiPolygon", "coordinates": [ [ [ [ 3.358462826520491, 6.653759080057294 ], [ 3.362986360503153, 6.65375578075941 ], [ 3.36298304123717, 6.649232841456326 ], [ 3.35845954861701, 6.64923613849168 ], [ 3.358462826520491, 6.653759080057294 ] ] ] ] } },
{ "type": "Feature", "properties": { "id": 256.0, "left": 539700.1067, "top": 734876.2846, "right": 540200.1067, "bottom": 734376.2846, "row_index": 2.0, "col_index": 11.0, "facility_count": 1.0, "pop_sum": 4664.6080017089844, "people_per_phc": 4664.608, "equity_class": "Adequate" }, "geometry": { "type": "MultiPolygon", "coordinates": [ [ [ [ 3.35845954861701, 6.64923613849168 ], [ 3.36298304123717, 6.649232841456326 ], [ 3.362979724279103, 6.644709901324335 ], [ 3.358456272992683, 6.644713196097193 ], [ 3.35845954861701, 6.64923613849168 ] ] ] ] } },
{ "type": "Feature", "properties": { "id": 257.0, "left": 539700.1067, "top": 734376.2846, "right": 540200.1067, "bottom": 733876.2846, "row_index": 3.0, "col_index": 11.0, "facility_count": 0.0, "pop_sum": 4392.6450958251953, "people_per_phc": 99999.0, "equity_class": "Critical G" }, "geometry": { "type": "MultiPolygon", "coordinates": [ [ [ [ 3.358456272992683, 6.644713196097193 ], [ 3.362979724279103, 6.644709901324335 ], [ 3.362976409628842, 6.640186960363988 ], [ 3.358452999647407, 6.640190252874394 ], [ 3.358456272992683, 6.644713196097193 ] ] ] ] } },
{ "type": "Feature", "properties": { "id": 258.0, "left": 539700.1067, "top": 733876.2846, "right": 540200.1067, "bottom": 733376.2846, "row_index": 4.0, "col_index": 11.0, "facility_count": 1.0, "pop_sum": 4741.9099960327148, "people_per_phc": 4741.91, "equity_class": "Adequate" }, "geometry": { "type": "MultiPolygon", "coordinates": [ [ [ [ 3.358452999647407, 6.640190252874394 ], [ 3.362976409628842, 6.640186960363988 ], [ 3.362973097286288, 6.635664018575833 ], [ 3.358449728581079, 6.635667308823826 ], [ 3.358452999647407, 6.640190252874394 ] ] ] ] } },
{ "type": "Feature", "properties": { "id": 259.0, "left": 539700.1067, "top": 733376.2846, "right": 540200.1067, "bottom": 732876.2846, "row_index": 5.0, "col_index": 11.0, "facility_count": 0.0, "pop_sum": 4067.8125305175781, "people_per_phc": 99999.0, "equity_class": "Critical G" }, "geometry": { "type": "MultiPolygon", "coordinates": [ [ [ [ 3.358449728581079, 6.635667308823826 ], [ 3.362973097286288, 6.635664018575833 ], [ 3.362969787251337, 6.631141075960422 ], [ 3.358446459793599, 6.631144363946043 ], [ 3.358449728581079, 6.635667308823826 ] ] ] ] } },
{ "type": "Feature", "properties": { "id": 260.0, "left": 539700.1067, "top": 732876.2846, "right": 540200.1067, "bottom": 732376.2846, "row_index": 6.0, "col_index": 11.0, "facility_count": 0.0, "pop_sum": 2530.5853614807129, "people_per_phc": 99999.0, "equity_class": "Critical G" }, "geometry": { "type": "MultiPolygon", "coordinates": [ [ [ [ 3.358446459793599, 6.631144363946043 ], [ 3.362969787251337, 6.631141075960422 ], [ 3.362966479523884, 6.626618132518304 ], [ 3.358443193284863, 6.626621418241586 ], [ 3.358446459793599, 6.631144363946043 ] ] ] ] } },
{ "type": "Feature", "properties": { "id": 261.0, "left": 539700.1067, "top": 732376.2846, "right": 540200.1067, "bottom": 731876.2846, "row_index": 7.0, "col_index": 11.0, "facility_count": 0.0, "pop_sum": 4085.0925064086914, "people_per_phc": 99999.0, "equity_class": "Critical G" }, "geometry": { "type": "MultiPolygon", "coordinates": [ [ [ [ 3.358443193284863, 6.626621418241586 ], [ 3.362966479523884, 6.626618132518304 ], [ 3.362963174103827, 6.622095188250023 ], [ 3.358439929054768, 6.622098471711014 ], [ 3.358443193284863, 6.626621418241586 ] ] ] ] } },
{ "type": "Feature", "properties": { "id": 262.0, "left": 539700.1067, "top": 731876.2846, "right": 540200.1067, "bottom": 731376.2846, "row_index": 8.0, "col_index": 11.0, "facility_count": 0.0, "pop_sum": 2717.507080078125, "people_per_phc": 99999.0, "equity_class": "Critical G" }, "geometry": { "type": "MultiPolygon", "coordinates": [ [ [ [ 3.358439929054768, 6.622098471711014 ], [ 3.362963174103827, 6.622095188250023 ], [ 3.362959870991061, 6.617572243156137 ], [ 3.358436667103215, 6.617575524354872 ], [ 3.358439929054768, 6.622098471711014 ] ] ] ] } },
{ "type": "Feature", "properties": { "id": 263.0, "left": 539700.1067, "top": 731376.2846, "right": 540200.1067, "bottom": 730876.2846, "row_index": 9.0, "col_index": 11.0, "facility_count": 0.0, "pop_sum": 1946.5315704345703, "people_per_phc": 99999.0, "equity_class": "Underserve" }, "geometry": { "type": "MultiPolygon", "coordinates": [ [ [ [ 3.358436667103215, 6.617575524354872 ], [ 3.362959870991061, 6.617572243156137 ], [ 3.362956570185484, 6.613049297237189 ], [ 3.358433407430099, 6.613052576173707 ], [ 3.358436667103215, 6.617575524354872 ] ] ] ] } },
{ "type": "Feature", "properties": { "id": 264.0, "left": 539700.1067, "top": 730876.2846, "right": 540200.1067, "bottom": 730376.2846, "row_index": 10.0, "col_index": 11.0, "facility_count": 0.0, "pop_sum": 807.25907135009766, "people_per_phc": 99999.0, "equity_class": "Underserve" }, "geometry": { "type": "MultiPolygon", "coordinates": [ [ [ [ 3.358433407430099, 6.613052576173707 ], [ 3.362956570185484, 6.613049297237189 ], [ 3.362953271686993, 6.60852635049373 ], [ 3.358430150035318, 6.608529627168068 ], [ 3.358433407430099, 6.613052576173707 ] ] ] ] } },
{ "type": "Feature", "properties": { "id": 265.0, "left": 539700.1067, "top": 730376.2846, "right": 540200.1067, "bottom": 729876.2846, "row_index": 11.0, "col_index": 11.0, "facility_count": 1.0, "pop_sum": 2893.4526138305664, "people_per_phc": 2893.453, "equity_class": "Adequate" }, "geometry": { "type": "MultiPolygon", "coordinates": [ [ [ [ 3.358430150035318, 6.608529627168068 ], [ 3.362953271686993, 6.60852635049373 ], [ 3.362949975495483, 6.604003402926314 ], [ 3.358426894918772, 6.604006677338513 ], [ 3.358430150035318, 6.608529627168068 ] ] ] ] } },
{ "type": "Feature", "properties": { "id": 266.0, "left": 539700.1067, "top": 729876.2846, "right": 540200.1067, "bottom": 729376.2846, "row_index": 12.0, "col_index": 11.0, "facility_count": 1.0, "pop_sum": 4077.8057632446289, "people_per_phc": 4077.806, "equity_class": "Adequate" }, "geometry": { "type": "MultiPolygon", "coordinates": [ [ [ [ 3.358426894918772, 6.604006677338513 ], [ 3.362949975495483, 6.604003402926314 ], [ 3.362946681610851, 6.599480454535479 ], [ 3.358423642080357, 6.599483726685583 ], [ 3.358426894918772, 6.604006677338513 ] ] ] ] } },
{ "type": "Feature", "properties": { "id": 267.0, "left": 539700.1067, "top": 729376.2846, "right": 540200.1067, "bottom": 728876.2846, "row_index": 13.0, "col_index": 11.0, "facility_count": 0.0, "pop_sum": 3865.169605255127, "people_per_phc": 99999.0, "equity_class": "Critical G" }, "geometry": { "type": "MultiPolygon", "coordinates": [ [ [ [ 3.358423642080357, 6.599483726685583 ], [ 3.362946681610851, 6.599480454535479 ], [ 3.362943390032997, 6.594957505321784 ], [ 3.358420391519974, 6.594960775209829 ], [ 3.358423642080357, 6.599483726685583 ] ] ] ] } },
{ "type": "Feature", "properties": { "id": 268.0, "left": 539700.1067, "top": 728876.2846, "right": 540200.1067, "bottom": 728376.2846, "row_index": 14.0, "col_index": 11.0, "facility_count": 1.0, "pop_sum": 4271.7990188598633, "people_per_phc": 4271.799, "equity_class": "Adequate" }, "geometry": { "type": "MultiPolygon", "coordinates": [ [ [ [ 3.358420391519974, 6.594960775209829 ], [ 3.362943390032997, 6.594957505321784 ], [ 3.362940100761814, 6.590434555285777 ], [ 3.358417143237519, 6.590437822911802 ], [ 3.358420391519974, 6.594960775209829 ] ] ] ] } },
{ "type": "Feature", "properties": { "id": 269.0, "left": 539700.1067, "top": 728376.2846, "right": 540200.1067, "bottom": 727876.2846, "row_index": 15.0, "col_index": 11.0, "facility_count": 1.0, "pop_sum": 3103.000862121582, "people_per_phc": 3103.001, "equity_class": "Adequate" }, "geometry": { "type": "MultiPolygon", "coordinates": [ [ [ [ 3.358417143237519, 6.590437822911802 ], [ 3.362940100761814, 6.590434555285777 ], [ 3.362936813797203, 6.585911604428008 ], [ 3.358413897232891, 6.58591486979205 ], [ 3.358417143237519, 6.590437822911802 ] ] ] ] } },
{ "type": "Feature", "properties": { "id": 270.0, "left": 539700.1067, "top": 727876.2846, "right": 540200.1067, "bottom": 727376.2846, "row_index": 16.0, "col_index": 11.0, "facility_count": 0.0, "pop_sum": 2699.1192378997803, "people_per_phc": 99999.0, "equity_class": "Critical G" }, "geometry": { "type": "MultiPolygon", "coordinates": [ [ [ [ 3.358413897232891, 6.58591486979205 ], [ 3.362936813797203, 6.585911604428008 ], [ 3.362933529139057, 6.581388652749022 ], [ 3.358410653505989, 6.581391915851125 ], [ 3.358413897232891, 6.58591486979205 ] ] ] ] } },
{ "type": "Feature", "properties": { "id": 271.0, "left": 539700.1067, "top": 727376.2846, "right": 540200.1067, "bottom": 726876.2846, "row_index": 17.0, "col_index": 11.0, "facility_count": 2.0, "pop_sum": 3430.3186645507812, "people_per_phc": 1715.159, "equity_class": "Adequate" }, "geometry": { "type": "MultiPolygon", "coordinates": [ [ [ [ 3.358410653505989, 6.581391915851125 ], [ 3.362933529139057, 6.581388652749022 ], [ 3.362930246787278, 6.576865700249376 ], [ 3.358407412056711, 6.576868961089574 ], [ 3.358410653505989, 6.581391915851125 ] ] ] ] } },
{ "type": "Feature", "properties": { "id": 272.0, "left": 539700.1067, "top": 726876.2846, "right": 540200.1067, "bottom": 726376.2846, "row_index": 18.0, "col_index": 11.0, "facility_count": 1.0, "pop_sum": 3651.6728591918945, "people_per_phc": 3651.673, "equity_class": "Adequate" }, "geometry": { "type": "MultiPolygon", "coordinates": [ [ [ [ 3.358407412056711, 6.576868961089574 ], [ 3.362930246787278, 6.576865700249376 ], [ 3.362926966741759, 6.57234274692961 ], [ 3.358404172884956, 6.572346005507947 ], [ 3.358407412056711, 6.576868961089574 ] ] ] ] } },
{ "type": "Feature", "properties": { "id": 273.0, "left": 539700.1067, "top": 726376.2846, "right": 540200.1067, "bottom": 725876.2846, "row_index": 19.0, "col_index": 11.0, "facility_count": 0.0, "pop_sum": 3248.5990142822266, "people_per_phc": 99999.0, "equity_class": "Critical G" }, "geometry": { "type": "MultiPolygon", "coordinates": [ [ [ [ 3.358404172884956, 6.572346005507947 ], [ 3.362926966741759, 6.57234274692961 ], [ 3.3629236890024, 6.567819792790281 ], [ 3.358400935990622, 6.567823049106794 ], [ 3.358404172884956, 6.572346005507947 ] ] ] ] } },
{ "type": "Feature", "properties": { "id": 274.0, "left": 539700.1067, "top": 725876.2846, "right": 540200.1067, "bottom": 725376.2846, "row_index": 20.0, "col_index": 11.0, "facility_count": 0.0, "pop_sum": 2639.9123497009277, "people_per_phc": 99999.0, "equity_class": "Critical G" }, "geometry": { "type": "MultiPolygon", "coordinates": [ [ [ [ 3.358400935990622, 6.567823049106794 ], [ 3.3629236890024, 6.567819792790281 ], [ 3.362920413569098, 6.563296837831932 ], [ 3.358397701373608, 6.56330009188666 ], [ 3.358400935990622, 6.567823049106794 ] ] ] ] } },
{ "type": "Feature", "properties": { "id": 275.0, "left": 539700.1067, "top": 725376.2846, "right": 540200.1067, "bottom": 724876.2846, "row_index": 21.0, "col_index": 11.0, "facility_count": 0.0, "pop_sum": 2017.2006454467773, "people_per_phc": 99999.0, "equity_class": "Critical G" }, "geometry": { "type": "MultiPolygon", "coordinates": [ [ [ [ 3.358397701373608, 6.56330009188666 ], [ 3.362920413569098, 6.563296837831932 ], [ 3.362917140441749, 6.558773882055125 ], [ 3.358394469033814, 6.558777133848104 ], [ 3.358397701373608, 6.56330009188666 ] ] ] ] } },
{ "type": "Feature", "properties": { "id": 276.0, "left": 539700.1067, "top": 724876.2846, "right": 540200.1067, "bottom": 724376.2846, "row_index": 22.0, "col_index": 11.0, "facility_count": 0.0, "pop_sum": 592.94890975952148, "people_per_phc": 99999.0, "equity_class": "Underserve" }, "geometry": { "type": "MultiPolygon", "coordinates": [ [ [ [ 3.358394469033814, 6.558777133848104 ], [ 3.362917140441749, 6.558773882055125 ], [ 3.362913869620253, 6.554250925460395 ], [ 3.358391238971137, 6.554254174991671 ], [ 3.358394469033814, 6.558777133848104 ] ] ] ] } },
{ "type": "Feature", "properties": { "id": 278.0, "left": 540200.1067, "top": 735376.2846, "right": 540700.1067, "bottom": 734876.2846, "row_index": 1.0, "col_index": 12.0, "facility_count": 0.0, "pop_sum": 133.34197446997678, "people_per_phc": 99999.0, "equity_class": "Underserve" }, "geometry": { "type": "MultiPolygon", "coordinates": [ [ [ [ 3.362986360503153, 6.65375578075941 ], [ 3.36750989217777, 6.653752440090105 ], [ 3.36750653154939, 6.649229503077924 ], [ 3.36298304123717, 6.649232841456326 ], [ 3.362986360503153, 6.65375578075941 ] ] ] ] } },
{ "type": "Feature", "properties": { "id": 279.0, "left": 540200.1067, "top": 734876.2846, "right": 540700.1067, "bottom": 734376.2846, "row_index": 2.0, "col_index": 12.0, "facility_count": 1.0, "pop_sum": 3431.6209411621094, "people_per_phc": 3431.621, "equity_class": "Adequate" }, "geometry": { "type": "MultiPolygon", "coordinates": [ [ [ [ 3.36298304123717, 6.649232841456326 ], [ 3.36750653154939, 6.649229503077924 ], [ 3.367503173257683, 6.644706565236794 ], [ 3.362979724279103, 6.644709901324335 ], [ 3.36298304123717, 6.649232841456326 ] ] ] ] } },
{ "type": "Feature", "properties": { "id": 280.0, "left": 540200.1067, "top": 734376.2846, "right": 540700.1067, "bottom": 733876.2846, "row_index": 3.0, "col_index": 12.0, "facility_count": 2.0, "pop_sum": 5790.6793518066406, "people_per_phc": 2895.34, "equity_class": "Adequate" }, "geometry": { "type": "MultiPolygon", "coordinates": [ [ [ [ 3.362979724279103, 6.644709901324335 ], [ 3.367503173257683, 6.644706565236794 ], [ 3.367499817302543, 6.640183626567272 ], [ 3.362976409628842, 6.640186960363988 ], [ 3.362979724279103, 6.644709901324335 ] ] ] ] } },
{ "type": "Feature", "properties": { "id": 281.0, "left": 540200.1067, "top": 733876.2846, "right": 540700.1067, "bottom": 733376.2846, "row_index": 4.0, "col_index": 12.0, "facility_count": 0.0, "pop_sum": 5127.2324256896973, "people_per_phc": 99999.0, "equity_class": "Critical G" }, "geometry": { "type": "MultiPolygon", "coordinates": [ [ [ [ 3.362976409628842, 6.640186960363988 ], [ 3.367499817302543, 6.640183626567272 ], [ 3.367496463683865, 6.635660687069902 ], [ 3.362973097286288, 6.635664018575833 ], [ 3.362976409628842, 6.640186960363988 ] ] ] ] } },
{ "type": "Feature", "properties": { "id": 282.0, "left": 540200.1067, "top": 733376.2846, "right": 540700.1067, "bottom": 732876.2846, "row_index": 5.0, "col_index": 12.0, "facility_count": 0.0, "pop_sum": 2503.1482391357422, "people_per_phc": 99999.0, "equity_class": "Critical G" }, "geometry": { "type": "MultiPolygon", "coordinates": [ [ [ [ 3.362973097286288, 6.635664018575833 ], [ 3.367496463683865, 6.635660687069902 ], [ 3.367493112401547, 6.631137746745232 ], [ 3.362969787251337, 6.631141075960422 ], [ 3.362973097286288, 6.635664018575833 ] ] ] ] } },
{ "type": "Feature", "properties": { "id": 283.0, "left": 540200.1067, "top": 732876.2846, "right": 540700.1067, "bottom": 732376.2846, "row_index": 6.0, "col_index": 12.0, "facility_count": 0.0, "pop_sum": 803.28863906860352, "people_per_phc": 99999.0, "equity_class": "Underserve" }, "geometry": { "type": "MultiPolygon", "coordinates": [ [ [ [ 3.362969787251337, 6.631141075960422 ], [ 3.367493112401547, 6.631137746745232 ], [ 3.367489763455481, 6.626614805593817 ], [ 3.362966479523884, 6.626618132518304 ], [ 3.362969787251337, 6.631141075960422 ] ] ] ] } },
{ "type": "Feature", "properties": { "id": 284.0, "left": 540200.1067, "top": 732376.2846, "right": 540700.1067, "bottom": 731876.2846, "row_index": 7.0, "col_index": 12.0, "facility_count": 0.0, "pop_sum": 701.05646514892578, "people_per_phc": 99999.0, "equity_class": "Underserve" }, "geometry": { "type": "MultiPolygon", "coordinates": [ [ [ [ 3.362966479523884, 6.626618132518304 ], [ 3.367489763455481, 6.626614805593817 ], [ 3.367486416845564, 6.622091863616204 ], [ 3.362963174103827, 6.622095188250023 ], [ 3.362966479523884, 6.626618132518304 ] ] ] ] } },
{ "type": "Feature", "properties": { "id": 285.0, "left": 540200.1067, "top": 731876.2846, "right": 540700.1067, "bottom": 731376.2846, "row_index": 8.0, "col_index": 12.0, "facility_count": 0.0, "pop_sum": 1226.9710159301758, "people_per_phc": 99999.0, "equity_class": "Underserve" }, "geometry": { "type": "MultiPolygon", "coordinates": [ [ [ [ 3.362963174103827, 6.622095188250023 ], [ 3.367486416845564, 6.622091863616204 ], [ 3.36748307257169, 6.617568920812937 ], [ 3.362959870991061, 6.617572243156137 ], [ 3.362963174103827, 6.622095188250023 ] ] ] ] } },
{ "type": "Feature", "properties": { "id": 286.0, "left": 540200.1067, "top": 731376.2846, "right": 540700.1067, "bottom": 730876.2846, "row_index": 9.0, "col_index": 12.0, "facility_count": 0.0, "pop_sum": 297.48860931396484, "people_per_phc": 99999.0, "equity_class": "Underserve" }, "geometry": { "type": "MultiPolygon", "coordinates": [ [ [ [ 3.362959870991061, 6.617572243156137 ], [ 3.36748307257169, 6.617568920812937 ], [ 3.367479730633756, 6.613045977184572 ], [ 3.362956570185484, 6.613049297237189 ], [ 3.362959870991061, 6.617572243156137 ] ] ] ] } },
{ "type": "Feature", "properties": { "id": 288.0, "left": 540200.1067, "top": 730376.2846, "right": 540700.1067, "bottom": 729876.2846, "row_index": 11.0, "col_index": 12.0, "facility_count": 0.0, "pop_sum": 1616.6493301391602, "people_per_phc": 99999.0, "equity_class": "Underserve" }, "geometry": { "type": "MultiPolygon", "coordinates": [ [ [ [ 3.362953271686993, 6.60852635049373 ], [ 3.367476391031655, 6.608523032731658 ], [ 3.367473053765285, 6.604000087454742 ], [ 3.362949975495483, 6.604003402926314 ], [ 3.362953271686993, 6.60852635049373 ] ] ] ] } },
{ "type": "Feature", "properties": { "id": 289.0, "left": 540200.1067, "top": 729876.2846, "right": 540700.1067, "bottom": 729376.2846, "row_index": 12.0, "col_index": 12.0, "facility_count": 4.0, "pop_sum": 5575.0334701538086, "people_per_phc": 1393.758, "equity_class": "Adequate" }, "geometry": { "type": "MultiPolygon", "coordinates": [ [ [ [ 3.362949975495483, 6.604003402926314 ], [ 3.367473053765285, 6.604000087454742 ], [ 3.367469718834541, 6.599477141354376 ], [ 3.362946681610851, 6.599480454535479 ], [ 3.362949975495483, 6.604003402926314 ] ] ] ] } },
{ "type": "Feature", "properties": { "id": 290.0, "left": 540200.1067, "top": 729376.2846, "right": 540700.1067, "bottom": 728876.2846, "row_index": 13.0, "col_index": 12.0, "facility_count": 1.0, "pop_sum": 4925.3748092651367, "people_per_phc": 4925.375, "equity_class": "Adequate" }, "geometry": { "type": "MultiPolygon", "coordinates": [ [ [ [ 3.362946681610851, 6.599480454535479 ], [ 3.367469718834541, 6.599477141354376 ], [ 3.367466386239318, 6.594954194431105 ], [ 3.362943390032997, 6.594957505321784 ], [ 3.362946681610851, 6.599480454535479 ] ] ] ] } },
{ "type": "Feature", "properties": { "id": 291.0, "left": 540200.1067, "top": 728876.2846, "right": 540700.1067, "bottom": 728376.2846, "row_index": 14.0, "col_index": 12.0, "facility_count": 0.0, "pop_sum": 4205.1765518188477, "people_per_phc": 99999.0, "equity_class": "Critical G" }, "geometry": { "type": "MultiPolygon", "coordinates": [ [ [ [ 3.362943390032997, 6.594957505321784 ], [ 3.367466386239318, 6.594954194431105 ], [ 3.367463055979511, 6.590431246685481 ], [ 3.362940100761814, 6.590434555285777 ], [ 3.362943390032997, 6.594957505321784 ] ] ] ] } },
{ "type": "Feature", "properties": { "id": 292.0, "left": 540200.1067, "top": 728376.2846, "right": 540700.1067, "bottom": 727876.2846, "row_index": 15.0, "col_index": 12.0, "facility_count": 1.0, "pop_sum": 4833.0284118652344, "people_per_phc": 4833.028, "equity_class": "Adequate" }, "geometry": { "type": "MultiPolygon", "coordinates": [ [ [ [ 3.362940100761814, 6.590434555285777 ], [ 3.367463055979511, 6.590431246685481 ], [ 3.367459728055018, 6.585908298118056 ], [ 3.362936813797203, 6.585911604428008 ], [ 3.362940100761814, 6.590434555285777 ] ] ] ] } },
{ "type": "Feature", "properties": { "id": 293.0, "left": 540200.1067, "top": 727876.2846, "right": 540700.1067, "bottom": 727376.2846, "row_index": 16.0, "col_index": 12.0, "facility_count": 2.0, "pop_sum": 2779.1875538825989, "people_per_phc": 1389.594, "equity_class": "Adequate" }, "geometry": { "type": "MultiPolygon", "coordinates": [ [ [ [ 3.362936813797203, 6.585911604428008 ], [ 3.367459728055018, 6.585908298118056 ], [ 3.367456402465733, 6.581385348729374 ], [ 3.362933529139057, 6.581388652749022 ], [ 3.362936813797203, 6.585911604428008 ] ] ] ] } },
{ "type": "Feature", "properties": { "id": 294.0, "left": 540200.1067, "top": 727376.2846, "right": 540700.1067, "bottom": 726876.2846, "row_index": 17.0, "col_index": 12.0, "facility_count": 0.0, "pop_sum": 4183.8145370483398, "people_per_phc": 99999.0, "equity_class": "Critical G" }, "geometry": { "type": "MultiPolygon", "coordinates": [ [ [ [ 3.362933529139057, 6.581388652749022 ], [ 3.367456402465733, 6.581385348729374 ], [ 3.367453079211553, 6.576862398519991 ], [ 3.362930246787278, 6.576865700249376 ], [ 3.362933529139057, 6.581388652749022 ] ] ] ] } },
{ "type": "Feature", "properties": { "id": 295.0, "left": 540200.1067, "top": 726876.2846, "right": 540700.1067, "bottom": 726376.2846, "row_index": 18.0, "col_index": 12.0, "facility_count": 0.0, "pop_sum": 4111.0947761535645, "people_per_phc": 99999.0, "equity_class": "Critical G" }, "geometry": { "type": "MultiPolygon", "coordinates": [ [ [ [ 3.362930246787278, 6.576865700249376 ], [ 3.367453079211553, 6.576862398519991 ], [ 3.367449758292373, 6.572339447490452 ], [ 3.362926966741759, 6.57234274692961 ], [ 3.362930246787278, 6.576865700249376 ] ] ] ] } },
{ "type": "Feature", "properties": { "id": 296.0, "left": 540200.1067, "top": 726376.2846, "right": 540700.1067, "bottom": 725876.2846, "row_index": 19.0, "col_index": 12.0, "facility_count": 4.0, "pop_sum": 4425.2166900634766, "people_per_phc": 1106.304, "equity_class": "Adequate" }, "geometry": { "type": "MultiPolygon", "coordinates": [ [ [ [ 3.362926966741759, 6.57234274692961 ], [ 3.367449758292373, 6.572339447490452 ], [ 3.367446439708092, 6.567816495641312 ], [ 3.3629236890024, 6.567819792790281 ], [ 3.362926966741759, 6.57234274692961 ] ] ] ] } },
{ "type": "Feature", "properties": { "id": 297.0, "left": 540200.1067, "top": 725876.2846, "right": 540700.1067, "bottom": 725376.2846, "row_index": 20.0, "col_index": 12.0, "facility_count": 0.0, "pop_sum": 4274.5249252319336, "people_per_phc": 99999.0, "equity_class": "Critical G" }, "geometry": { "type": "MultiPolygon", "coordinates": [ [ [ [ 3.3629236890024, 6.567819792790281 ], [ 3.367446439708092, 6.567816495641312 ], [ 3.367443123458604, 6.563293542973111 ], [ 3.362920413569098, 6.563296837831932 ], [ 3.3629236890024, 6.567819792790281 ] ] ] ] } },
{ "type": "Feature", "properties": { "id": 298.0, "left": 540200.1067, "top": 725376.2846, "right": 540700.1067, "bottom": 724876.2846, "row_index": 21.0, "col_index": 12.0, "facility_count": 0.0, "pop_sum": 2471.3728866577148, "people_per_phc": 99999.0, "equity_class": "Critical G" }, "geometry": { "type": "MultiPolygon", "coordinates": [ [ [ [ 3.362920413569098, 6.563296837831932 ], [ 3.367443123458604, 6.563293542973111 ], [ 3.367439809543804, 6.558770589486407 ], [ 3.362917140441749, 6.558773882055125 ], [ 3.362920413569098, 6.563296837831932 ] ] ] ] } },
{ "type": "Feature", "properties": { "id": 299.0, "left": 540200.1067, "top": 724876.2846, "right": 540700.1067, "bottom": 724376.2846, "row_index": 22.0, "col_index": 12.0, "facility_count": 0.0, "pop_sum": 517.94447326660156, "people_per_phc": 99999.0, "equity_class": "Underserve" }, "geometry": { "type": "MultiPolygon", "coordinates": [ [ [ [ 3.362917140441749, 6.558773882055125 ], [ 3.367439809543804, 6.558770589486407 ], [ 3.36743649796359, 6.554247635181746 ], [ 3.362913869620253, 6.554250925460395 ], [ 3.362917140441749, 6.558773882055125 ] ] ] ] } },
{ "type": "Feature", "properties": { "id": 302.0, "left": 540700.1067, "top": 734876.2846, "right": 541200.1067, "bottom": 734376.2846, "row_index": 2.0, "col_index": 13.0, "facility_count": 0.0, "pop_sum": 8.6715911581437819, "people_per_phc": 99999.0, "equity_class": "Underserve" }, "geometry": { "type": "MultiPolygon", "coordinates": [ [ [ [ 3.36750653154939, 6.649229503077924 ], [ 3.372030019524906, 6.649226123356576 ], [ 3.372026619899665, 6.644703187834681 ], [ 3.367503173257683, 6.644706565236794 ], [ 3.36750653154939, 6.649229503077924 ] ] ] ] } },
{ "type": "Feature", "properties": { "id": 303.0, "left": 540700.1067, "top": 734376.2846, "right": 541200.1067, "bottom": 733876.2846, "row_index": 3.0, "col_index": 13.0, "facility_count": 0.0, "pop_sum": 1963.1612701416016, "people_per_phc": 99999.0, "equity_class": "Underserve" }, "geometry": { "type": "MultiPolygon", "coordinates": [ [ [ [ 3.367503173257683, 6.644706565236794 ], [ 3.372026619899665, 6.644703187834681 ], [ 3.372023222639752, 6.640180251484351 ], [ 3.367499817302543, 6.640183626567272 ], [ 3.367503173257683, 6.644706565236794 ] ] ] ] } },
{ "type": "Feature", "properties": { "id": 304.0, "left": 540700.1067, "top": 733876.2846, "right": 541200.1067, "bottom": 733376.2846, "row_index": 4.0, "col_index": 13.0, "facility_count": 0.0, "pop_sum": 1140.9424171447754, "people_per_phc": 99999.0, "equity_class": "Underserve" }, "geometry": { "type": "MultiPolygon", "coordinates": [ [ [ [ 3.367499817302543, 6.640183626567272 ], [ 3.372023222639752, 6.640180251484351 ], [ 3.372019827745056, 6.635657314306132 ], [ 3.367496463683865, 6.635660687069902 ], [ 3.367499817302543, 6.640183626567272 ] ] ] ] } },
{ "type": "Feature", "properties": { "id": 311.0, "left": 540700.1067, "top": 730376.2846, "right": 541200.1067, "bottom": 729876.2846, "row_index": 11.0, "col_index": 13.0, "facility_count": 0.0, "pop_sum": 1033.670970916748, "people_per_phc": 99999.0, "equity_class": "Underserve" }, "geometry": { "type": "MultiPolygon", "coordinates": [ [ [ [ 3.367476391031655, 6.608523032731658 ], [ 3.371999508040559, 6.608519673881956 ], [ 3.371996129699433, 6.603996730923908 ], [ 3.367473053765285, 6.604000087454742 ], [ 3.367476391031655, 6.608523032731658 ] ] ] ] } },
{ "type": "Feature", "properties": { "id": 312.0, "left": 540700.1067, "top": 729876.2846, "right": 541200.1067, "bottom": 729376.2846, "row_index": 12.0, "col_index": 13.0, "facility_count": 0.0, "pop_sum": 2136.7662467956543, "people_per_phc": 99999.0, "equity_class": "Critical G" }, "geometry": { "type": "MultiPolygon", "coordinates": [ [ [ [ 3.367473053765285, 6.604000087454742 ], [ 3.371996129699433, 6.603996730923908 ], [ 3.371992753722679, 6.599473787142371 ], [ 3.367469718834541, 6.599477141354376 ], [ 3.367473053765285, 6.604000087454742 ] ] ] ] } },
{ "type": "Feature", "properties": { "id": 313.0, "left": 540700.1067, "top": 729376.2846, "right": 541200.1067, "bottom": 728876.2846, "row_index": 13.0, "col_index": 13.0, "facility_count": 0.0, "pop_sum": 2728.5339965820312, "people_per_phc": 99999.0, "equity_class": "Critical G" }, "geometry": { "type": "MultiPolygon", "coordinates": [ [ [ [ 3.367469718834541, 6.599477141354376 ], [ 3.371992753722679, 6.599473787142371 ], [ 3.371989380110191, 6.594950842537888 ], [ 3.367466386239318, 6.594954194431105 ], [ 3.367469718834541, 6.599477141354376 ] ] ] ] } },
{ "type": "Feature", "properties": { "id": 314.0, "left": 540700.1067, "top": 728876.2846, "right": 541200.1067, "bottom": 728376.2846, "row_index": 14.0, "col_index": 13.0, "facility_count": 0.0, "pop_sum": 2598.9686393737793, "people_per_phc": 99999.0, "equity_class": "Critical G" }, "geometry": { "type": "MultiPolygon", "coordinates": [ [ [ [ 3.367466386239318, 6.594954194431105 ], [ 3.371989380110191, 6.594950842537888 ], [ 3.371986008861865, 6.590427897111014 ], [ 3.367463055979511, 6.590431246685481 ], [ 3.367466386239318, 6.594954194431105 ] ] ] ] } },
{ "type": "Feature", "properties": { "id": 315.0, "left": 540700.1067, "top": 728376.2846, "right": 541200.1067, "bottom": 727876.2846, "row_index": 15.0, "col_index": 13.0, "facility_count": 0.0, "pop_sum": 2174.0592174530029, "people_per_phc": 99999.0, "equity_class": "Critical G" }, "geometry": { "type": "MultiPolygon", "coordinates": [ [ [ [ 3.367463055979511, 6.590431246685481 ], [ 3.371986008861865, 6.590427897111014 ], [ 3.371982639977595, 6.585904950862298 ], [ 3.367459728055018, 6.585908298118056 ], [ 3.367463055979511, 6.590431246685481 ] ] ] ] } },
{ "type": "Feature", "properties": { "id": 316.0, "left": 540700.1067, "top": 727876.2846, "right": 541200.1067, "bottom": 727376.2846, "row_index": 16.0, "col_index": 13.0, "facility_count": 0.0, "pop_sum": 1744.5330037772655, "people_per_phc": 99999.0, "equity_class": "Underserve" }, "geometry": { "type": "MultiPolygon", "coordinates": [ [ [ [ 3.367459728055018, 6.585908298118056 ], [ 3.371982639977595, 6.585904950862298 ], [ 3.371979273457274, 6.581382003792285 ], [ 3.367456402465733, 6.581385348729374 ], [ 3.367459728055018, 6.585908298118056 ] ] ] ] } },
{ "type": "Feature", "properties": { "id": 317.0, "left": 540700.1067, "top": 727376.2846, "right": 541200.1067, "bottom": 726876.2846, "row_index": 17.0, "col_index": 13.0, "facility_count": 2.0, "pop_sum": 2971.2543182373047, "people_per_phc": 1485.627, "equity_class": "Adequate" }, "geometry": { "type": "MultiPolygon", "coordinates": [ [ [ [ 3.367456402465733, 6.581385348729374 ], [ 3.371979273457274, 6.581382003792285 ], [ 3.371975909300799, 6.57685905590153 ], [ 3.367453079211553, 6.576862398519991 ], [ 3.367456402465733, 6.581385348729374 ] ] ] ] } },
{ "type": "Feature", "properties": { "id": 318.0, "left": 540700.1067, "top": 726876.2846, "right": 541200.1067, "bottom": 726376.2846, "row_index": 18.0, "col_index": 13.0, "facility_count": 0.0, "pop_sum": 1515.1133499145508, "people_per_phc": 99999.0, "equity_class": "Underserve" }, "geometry": { "type": "MultiPolygon", "coordinates": [ [ [ [ 3.367453079211553, 6.576862398519991 ], [ 3.371975909300799, 6.57685905590153 ], [ 3.371972547508063, 6.572336107190581 ], [ 3.367449758292373, 6.572339447490452 ], [ 3.367453079211553, 6.576862398519991 ] ] ] ] } },
{ "type": "Feature", "properties": { "id": 319.0, "left": 540700.1067, "top": 726376.2846, "right": 541200.1067, "bottom": 725876.2846, "row_index": 19.0, "col_index": 13.0, "facility_count": 0.0, "pop_sum": 70.536199169048516, "people_per_phc": 99999.0, "equity_class": "Underserve" }, "geometry": { "type": "MultiPolygon", "coordinates": [ [ [ [ 3.367449758292373, 6.572339447490452 ], [ 3.371972547508063, 6.572336107190581 ], [ 3.371969188078962, 6.567813157659983 ], [ 3.367446439708092, 6.567816495641312 ], [ 3.367449758292373, 6.572339447490452 ] ] ] ] } },
{ "type": "Feature", "properties": { "id": 326.0, "left": 541200.1067, "top": 734376.2846, "right": 541700.1067, "bottom": 733876.2846, "row_index": 3.0, "col_index": 14.0, "facility_count": 0.0, "pop_sum": 111.33542664560974, "people_per_phc": 99999.0, "equity_class": "Underserve" }, "geometry": { "type": "MultiPolygon", "coordinates": [ [ [ [ 3.372026619899665, 6.644703187834681 ], [ 3.376550064176294, 6.644699769118096 ], [ 3.376546625611711, 6.640176835115328 ], [ 3.372023222639752, 6.640180251484351 ], [ 3.372026619899665, 6.644703187834681 ] ] ] ] } },
{ "type": "Feature", "properties": { "id": 334.0, "left": 541200.1067, "top": 730376.2846, "right": 541700.1067, "bottom": 729876.2846, "row_index": 11.0, "col_index": 14.0, "facility_count": 0.0, "pop_sum": 0.0, "people_per_phc": 99999.0, "equity_class": "Underserve" }, "geometry": { "type": "MultiPolygon", "coordinates": [ [ [ [ 3.371999508040559, 6.608519673881956 ], [ 3.376522622684956, 6.608516273944725 ], [ 3.37651920326918, 6.603993333333916 ], [ 3.371996129699433, 6.603996730923908 ], [ 3.371999508040559, 6.608519673881956 ] ] ] ] } },
{ "type": "Feature", "properties": { "id": 335.0, "left": 541200.1067, "top": 729876.2846, "right": 541700.1067, "bottom": 729376.2846, "row_index": 12.0, "col_index": 14.0, "facility_count": 1.0, "pop_sum": 1018.8010673522949, "people_per_phc": 1018.801, "equity_class": "Adequate" }, "geometry": { "type": "MultiPolygon", "coordinates": [ [ [ [ 3.371996129699433, 6.603996730923908 ], [ 3.37651920326918, 6.603993333333916 ], [ 3.376515786246522, 6.599470391899572 ], [ 3.371992753722679, 6.599473787142371 ], [ 3.371996129699433, 6.603996730923908 ] ] ] ] } },
{ "type": "Feature", "properties": { "id": 336.0, "left": 541200.1067, "top": 729376.2846, "right": 541700.1067, "bottom": 728876.2846, "row_index": 13.0, "col_index": 14.0, "facility_count": 0.0, "pop_sum": 3428.4909858703613, "people_per_phc": 99999.0, "equity_class": "Critical G" }, "geometry": { "type": "MultiPolygon", "coordinates": [ [ [ [ 3.371992753722679, 6.599473787142371 ], [ 3.376515786246522, 6.599470391899572 ], [ 3.376512371616876, 6.594947449642245 ], [ 3.371989380110191, 6.594950842537888 ], [ 3.371992753722679, 6.599473787142371 ] ] ] ] } },
{ "type": "Feature", "properties": { "id": 337.0, "left": 541200.1067, "top": 728876.2846, "right": 541700.1067, "bottom": 728376.2846, "row_index": 14.0, "col_index": 14.0, "facility_count": 0.0, "pop_sum": 3765.9941177368164, "people_per_phc": 99999.0, "equity_class": "Critical G" }, "geometry": { "type": "MultiPolygon", "coordinates": [ [ [ [ 3.371989380110191, 6.594950842537888 ], [ 3.376512371616876, 6.594947449642245 ], [ 3.376508959380135, 6.590424506562481 ], [ 3.371986008861865, 6.590427897111014 ], [ 3.371989380110191, 6.594950842537888 ] ] ] ] } },
{ "type": "Feature", "properties": { "id": 338.0, "left": 541200.1067, "top": 728376.2846, "right": 541700.1067, "bottom": 727876.2846, "row_index": 15.0, "col_index": 14.0, "facility_count": 1.0, "pop_sum": 4204.028434753418, "people_per_phc": 4204.028, "equity_class": "Adequate" }, "geometry": { "type": "MultiPolygon", "coordinates": [ [ [ [ 3.371986008861865, 6.590427897111014 ], [ 3.376508959380135, 6.590424506562481 ], [ 3.376505549536192, 6.585901562660836 ], [ 3.371982639977595, 6.585904950862298 ], [ 3.371986008861865, 6.590427897111014 ] ] ] ] } },
{ "type": "Feature", "properties": { "id": 339.0, "left": 541200.1067, "top": 727876.2846, "right": 541700.1067, "bottom": 727376.2846, "row_index": 16.0, "col_index": 14.0, "facility_count": 0.0, "pop_sum": 2630.1501569747925, "people_per_phc": 99999.0, "equity_class": "Critical G" }, "geometry": { "type": "MultiPolygon", "coordinates": [ [ [ [ 3.371982639977595, 6.585904950862298 ], [ 3.376505549536192, 6.585901562660836 ], [ 3.376502142084942, 6.581378617937859 ], [ 3.371979273457274, 6.581382003792285 ], [ 3.371982639977595, 6.585904950862298 ] ] ] ] } },
{ "type": "Feature", "properties": { "id": 340.0, "left": 541200.1067, "top": 727376.2846, "right": 541700.1067, "bottom": 726876.2846, "row_index": 17.0, "col_index": 14.0, "facility_count": 0.0, "pop_sum": 213.40298843383789, "people_per_phc": 99999.0, "equity_class": "Underserve" }, "geometry": { "type": "MultiPolygon", "coordinates": [ [ [ [ 3.371979273457274, 6.581382003792285 ], [ 3.376502142084942, 6.581378617937859 ], [ 3.376498737026276, 6.576855672394095 ], [ 3.371975909300799, 6.57685905590153 ], [ 3.371979273457274, 6.581382003792285 ] ] ] ] } },
{ "type": "Feature", "properties": { "id": 358.0, "left": 541700.1067, "top": 729876.2846, "right": 542200.1067, "bottom": 729376.2846, "row_index": 12.0, "col_index": 15.0, "facility_count": 0.0, "pop_sum": 219.92901750978569, "people_per_phc": 99999.0, "equity_class": "Underserve" }, "geometry": { "type": "MultiPolygon", "coordinates": [ [ [ [ 3.37651920326918, 6.603993333333916 ], [ 3.381042274445778, 6.603989894684865 ], [ 3.381038816377323, 6.59946695562608 ], [ 3.376515786246522, 6.599470391899572 ], [ 3.37651920326918, 6.603993333333916 ] ] ] ] } },
{ "type": "Feature", "properties": { "id": 359.0, "left": 541700.1067, "top": 729376.2846, "right": 542200.1067, "bottom": 728876.2846, "row_index": 13.0, "col_index": 15.0, "facility_count": 0.0, "pop_sum": 2324.7099990844727, "people_per_phc": 99999.0, "equity_class": "Critical G" }, "geometry": { "type": "MultiPolygon", "coordinates": [ [ [ [ 3.376515786246522, 6.599470391899572 ], [ 3.381038816377323, 6.59946695562608 ], [ 3.381035360730626, 6.594944015744272 ], [ 3.376512371616876, 6.594947449642245 ], [ 3.376515786246522, 6.599470391899572 ] ] ] ] } },
{ "type": "Feature", "properties": { "id": 360.0, "left": 541700.1067, "top": 728876.2846, "right": 542200.1067, "bottom": 728376.2846, "row_index": 14.0, "col_index": 15.0, "facility_count": 0.0, "pop_sum": 2853.549072265625, "people_per_phc": 99999.0, "equity_class": "Critical G" }, "geometry": { "type": "MultiPolygon", "coordinates": [ [ [ [ 3.376512371616876, 6.594947449642245 ], [ 3.381035360730626, 6.594944015744272 ], [ 3.381031907505577, 6.590421075039987 ], [ 3.376508959380135, 6.590424506562481 ], [ 3.376512371616876, 6.594947449642245 ] ] ] ] } },
{ "type": "Feature", "properties": { "id": 361.0, "left": 541700.1067, "top": 728376.2846, "right": 542200.1067, "bottom": 727876.2846, "row_index": 15.0, "col_index": 15.0, "facility_count": 0.0, "pop_sum": 1729.6454391479492, "people_per_phc": 99999.0, "equity_class": "Underserve" }, "geometry": { "type": "MultiPolygon", "coordinates": [ [ [ [ 3.376508959380135, 6.590424506562481 ], [ 3.381031907505577, 6.590421075039987 ], [ 3.381028456702069, 6.58589813351378 ], [ 3.376505549536192, 6.585901562660836 ], [ 3.376508959380135, 6.590424506562481 ] ] ] ] } },
{ "type": "Feature", "properties": { "id": 362.0, "left": 541700.1067, "top": 727876.2846, "right": 542200.1067, "bottom": 727376.2846, "row_index": 16.0, "col_index": 15.0, "facility_count": 0.0, "pop_sum": 124.51485453333461, "people_per_phc": 99999.0, "equity_class": "Underserve" }, "geometry": { "type": "MultiPolygon", "coordinates": [ [ [ [ 3.376505549536192, 6.585901562660836 ], [ 3.381028456702069, 6.58589813351378 ], [ 3.381025008319995, 6.581375191166194 ], [ 3.376502142084942, 6.581378617937859 ], [ 3.376505549536192, 6.585901562660836 ] ] ] ] } },
{ "type": "Feature", "properties": { "id": 382.0, "left": 542200.1067, "top": 729376.2846, "right": 542700.1067, "bottom": 728876.2846, "row_index": 13.0, "col_index": 16.0, "facility_count": 0.0, "pop_sum": 62.371595726712222, "people_per_phc": 99999.0, "equity_class": "Underserve" }, "geometry": { "type": "MultiPolygon", "coordinates": [ [ [ [ 3.381038816377323, 6.59946695562608 ], [ 3.385561844086339, 6.599463478322009 ], [ 3.385558347422698, 6.594940540844082 ], [ 3.381035360730626, 6.594944015744272 ], [ 3.381038816377323, 6.59946695562608 ] ] ] ] } },
{ "type": "Feature", "properties": { "id": 383.0, "left": 542200.1067, "top": 728876.2846, "right": 542700.1067, "bottom": 728376.2846, "row_index": 14.0, "col_index": 16.0, "facility_count": 0.0, "pop_sum": 522.91517448425293, "people_per_phc": 99999.0, "equity_class": "Underserve" }, "geometry": { "type": "MultiPolygon", "coordinates": [ [ [ [ 3.381035360730626, 6.594944015744272 ], [ 3.385558347422698, 6.594940540844082 ], [ 3.385554853209449, 6.590417602543641 ], [ 3.381031907505577, 6.590421075039987 ], [ 3.381035360730626, 6.594944015744272 ] ] ] ] } }
]
}
